step,t,dt,mass,KE,IE,PE,E,max_v,max_mach
10,9.8339253507e-03,9.845464e-04,1.0000000000e+00,1.1505296211e-05,2.5000134947e+00,0.0000000000e+00,2.5000250000e+00,6.783889e-03,5.733407e-03
20,1.9690317449e-02,9.864253e-04,1.0000000000e+00,5.2948863045e-06,2.5000197051e+00,0.0000000000e+00,2.5000250000e+00,4.602116e-03,3.889473e-03
30,2.9562010147e-02,9.877043e-04,1.0000000000e+00,2.4367790557e-06,2.5000225632e+00,0.0000000000e+00,2.5000250000e+00,3.122030e-03,2.638578e-03
40,3.9444112264e-02,9.885739e-04,1.0000000000e+00,1.1214393762e-06,2.5000238786e+00,0.0000000000e+00,2.5000250000e+00,2.117956e-03,1.789985e-03
50,4.9333288693e-02,9.891647e-04,1.0000000000e+00,5.1610201417e-07,2.5000244839e+00,0.0000000000e+00,2.5000250000e+00,1.436801e-03,1.214309e-03
60,5.9227270199e-02,9.895659e-04,1.0000000000e+00,2.3751736511e-07,2.5000247625e+00,0.0000000000e+00,2.5000250000e+00,9.747126e-04,8.237759e-04
70,6.9124514298e-02,9.898383e-04,1.0000000000e+00,1.0930881707e-07,2.5000248907e+00,0.0000000000e+00,2.5000250000e+00,6.612360e-04,5.588419e-04
80,7.9023972956e-02,9.900232e-04,1.0000000000e+00,5.0305449337e-08,2.5000249497e+00,0.0000000000e+00,2.5000250000e+00,4.485764e-04,3.791132e-04
90,8.8924934536e-02,9.901486e-04,1.0000000000e+00,2.3151272992e-08,2.5000249768e+00,0.0000000000e+00,2.5000250000e+00,3.043101e-04,2.571869e-04
100,9.8826915961e-02,9.902337e-04,1.0000000000e+00,1.0654540416e-08,2.5000249893e+00,0.0000000000e+00,2.5000250000e+00,2.064411e-04,1.744732e-04
110,1.0872958936e-01,9.902915e-04,1.0000000000e+00,4.9033688896e-09,2.5000249951e+00,0.0000000000e+00,2.5000250000e+00,1.400478e-04,1.183610e-04
120,1.1863273225e-01,9.903307e-04,1.0000000000e+00,2.2565991171e-09,2.5000249977e+00,0.0000000000e+00,2.5000250000e+00,9.500711e-05,8.029501e-05
130,1.2853619366e-01,9.903573e-04,1.0000000000e+00,1.0385185556e-09,2.5000249990e+00,0.0000000000e+00,2.5000250000e+00,6.445195e-05,5.447139e-05
140,1.3843987117e-01,9.903753e-04,1.0000000000e+00,4.7794080150e-10,2.5000249995e+00,0.0000000000e+00,2.5000250000e+00,4.372361e-05,3.695289e-05
150,1.4834369528e-01,9.903875e-04,1.0000000000e+00,2.1995505860e-10,2.5000249998e+00,0.0000000000e+00,2.5000250000e+00,2.966169e-05,2.506850e-05
160,1.5824761634e-01,9.903953e-04,1.0000000000e+00,1.0122640221e-10,2.5000249999e+00,0.0000000000e+00,2.5000250000e+00,2.012222e-05,1.700624e-05
170,1.6815159975e-01,9.904005e-04,1.0000000000e+00,4.6585809710e-11,2.5000250000e+00,0.0000000000e+00,2.5000250000e+00,1.365073e-05,1.153688e-05
180,1.7805562035e-01,9.904032e-04,1.0000000000e+00,2.1439442862e-11,2.5000250000e+00,0.0000000000e+00,2.5000250000e+00,9.260528e-06,7.826511e-06
190,1.8795966283e-01,9.904050e-04,1.0000000000e+00,9.8667322327e-12,2.5000250000e+00,0.0000000000e+00,2.5000250000e+00,6.282258e-06,5.309433e-06
200,1.9786371627e-01,9.904056e-04,1.0000000000e+00,4.5408085265e-12,2.5000250000e+00,0.0000000000e+00,2.5000250000e+00,4.261826e-06,3.601871e-06
210,2.0776777518e-01,9.904061e-04,1.0000000000e+00,2.0897437559e-12,2.5000250000e+00,0.0000000000e+00,2.5000250000e+00,2.891184e-06,2.443477e-06
220,2.1767183779e-01,9.904064e-04,1.0000000000e+00,9.6172937918e-13,2.5000250000e+00,0.0000000000e+00,2.5000250000e+00,1.961353e-06,1.657633e-06
230,2.2757590293e-01,9.904066e-04,1.0000000000e+00,4.4260134583e-13,2.5000250000e+00,0.0000000000e+00,2.5000250000e+00,1.330565e-06,1.124523e-06
240,2.3747996977e-01,9.904067e-04,1.0000000000e+00,2.0369134558e-13,2.5000250000e+00,0.0000000000e+00,2.5000250000e+00,9.026435e-07,7.628668e-07
250,2.4738403777e-01,9.904068e-04,1.0000000000e+00,9.3741613431e-14,2.5000250000e+00,0.0000000000e+00,2.5000250000e+00,6.123456e-07,5.175222e-07
260,2.5728810655e-01,9.904069e-04,1.0000000000e+00,4.3141204962e-14,2.5000250000e+00,0.0000000000e+00,2.5000250000e+00,4.154106e-07,3.510832e-07
270,2.6719217587e-01,9.904070e-04,1.0000000000e+00,1.9854187457e-14,2.5000250000e+00,0.0000000000e+00,2.5000250000e+00,2.818111e-07,2.381719e-07
280,2.7709624555e-01,9.904070e-04,1.0000000000e+00,9.1371754663e-15,2.5000250000e+00,0.0000000000e+00,2.5000250000e+00,1.911788e-07,1.615743e-07
290,2.8700031547e-01,9.904070e-04,1.0000000000e+00,4.2050562727e-15,2.5000250000e+00,0.0000000000e+00,2.5000250000e+00,1.296946e-07,1.096110e-07
300,2.9690438557e-01,9.904070e-04,1.0000000000e+00,1.9352258607e-15,2.5000250000e+00,0.0000000000e+00,2.5000250000e+00,8.798436e-08,7.435975e-08
310,3.0680845577e-01,9.904070e-04,1.0000000000e+00,8.9061807723e-16,2.5000250000e+00,0.0000000000e+00,2.5000250000e+00,5.968849e-08,5.044557e-08
320,3.1671252605e-01,9.904070e-04,1.0000000000e+00,4.0987492759e-16,2.5000250000e+00,0.0000000000e+00,2.5000250000e+00,4.049265e-08,3.422225e-08
330,3.2661659638e-01,9.904070e-04,1.0000000000e+00,1.8863018906e-16,2.5000250000e+00,0.0000000000e+00,2.5000250000e+00,2.747051e-08,2.321663e-08
340,3.3652066675e-01,9.904070e-04,1.0000000000e+00,8.6810258063e-17,2.5000250000e+00,0.0000000000e+00,2.5000250000e+00,1.863695e-08,1.575097e-08
350,3.4642473714e-01,9.904070e-04,1.0000000000e+00,3.9951298081e-17,2.5000250000e+00,0.0000000000e+00,2.5000250000e+00,1.264377e-08,1.068585e-08
360,3.5632880755e-01,9.904070e-04,1.0000000000e+00,1.8386147633e-17,2.5000250000e+00,0.0000000000e+00,2.5000250000e+00,8.577815e-09,7.249517e-09
370,3.6623287797e-01,9.904070e-04,1.0000000000e+00,8.4615630134e-18,2.5000250000e+00,0.0000000000e+00,2.5000250000e+00,5.819850e-09,4.918630e-09
380,3.7613694839e-01,9.904070e-04,1.0000000000e+00,3.8941300029e-18,2.5000250000e+00,0.0000000000e+00,2.5000250000e+00,3.948805e-09,3.337322e-09
390,3.8604101883e-01,9.904070e-04,1.0000000000e+00,1.7921332816e-18,2.5000250000e+00,0.0000000000e+00,2.5000250000e+00,2.679303e-09,2.264406e-09
400,3.9594508926e-01,9.904070e-04,1.0000000000e+00,8.2476491843e-19,2.5000250000e+00,0.0000000000e+00,2.5000250000e+00,1.817996e-09,1.536475e-09
410,4.0584915970e-01,9.904070e-04,1.0000000000e+00,3.7956843383e-19,2.5000250000e+00,0.0000000000e+00,2.5000250000e+00,1.234040e-09,1.042945e-09
420,4.1575323014e-01,9.904070e-04,1.0000000000e+00,1.7468276963e-19,2.5000250000e+00,0.0000000000e+00,2.5000250000e+00,8.376765e-10,7.079600e-10
430,4.2565730058e-01,9.904070e-04,1.0000000000e+00,8.0391510931e-20,2.5000250000e+00,0.0000000000e+00,2.5000250000e+00,5.692976e-10,4.811404e-10
440,4.3556137102e-01,9.904070e-04,1.0000000000e+00,3.6997356939e-20,2.5000250000e+00,0.0000000000e+00,2.5000250000e+00,3.869238e-10,3.270076e-10
450,4.4546544146e-01,9.904070e-04,1.0000000000e+00,1.7026753609e-20,2.5000250000e+00,0.0000000000e+00,2.5000250000e+00,2.631221e-10,2.223769e-10
460,4.5536951190e-01,9.904070e-04,1.0000000000e+00,7.8360047313e-21,2.5000250000e+00,0.0000000000e+00,2.5000250000e+00,1.792195e-10,1.514669e-10
470,4.6527358234e-01,9.904070e-04,1.0000000000e+00,3.6062938384e-21,2.5000250000e+00,0.0000000000e+00,2.5000250000e+00,1.223734e-10,1.034236e-10
480,4.7517765278e-01,9.904070e-04,1.0000000000e+00,1.6597219176e-21,2.5000250000e+00,0.0000000000e+00,2.5000250000e+00,8.371224e-11,7.074918e-11
490,4.8508172322e-01,9.904070e-04,1.0000000000e+00,7.6388249020e-22,2.5000250000e+00,0.0000000000e+00,2.5000250000e+00,5.773286e-11,4.879278e-11
500,4.9498579366e-01,9.904070e-04,1.0000000000e+00,3.5160876724e-22,2.5000250000e+00,0.0000000000e+00,2.5000250000e+00,3.963194e-11,3.349483e-11
506,5.0000000000e-01,6.217112e-05,1.0000000000e+00,2.2070033770e-22,2.5000250000e+00,0.0000000000e+00,2.5000250000e+00,3.106208e-11,2.625203e-11
