mode,rho_cut,y,rho,N2
rescaled_domain,0.01,0.0,1.0,2.3680081369548134e-05
rescaled_domain,0.01,0.0002733713295369755,0.9999997728673183,0.0016380357462934601
rescaled_domain,0.01,0.0010931863906127326,0.9999964454956708,0.006479431938123961
rescaled_domain,0.01,0.002458548727494292,0.9999820941634442,0.014542963299889815
rescaled_domain,0.01,0.004367965336512403,0.9999435604089516,0.025820446197555046
rescaled_domain,0.01,0.006819348298638839,0.9998625241114505,0.04030043360850326
rescaled_domain,0.01,0.009810017062595322,0.99971560868887,0.05797831540838621
rescaled_domain,0.01,0.013336701375997129,0.9994744436550163,0.0788306893655335
rescaled_domain,0.01,0.017395544861325718,0.9991060393029525,0.10281812022651785
rescaled_domain,0.01,0.02198210923282118,0.9985728896152086,0.1299238383565214
rescaled_domain,0.01,0.02709137914968268,0.9978332033491094,0.16012965967534318
rescaled_domain,0.01,0.03271776770026952,0.9968412084564722,0.19339992739617712
rescaled_domain,0.01,0.03885512251130763,0.9955476788927533,0.22969320082872843
rescaled_domain,0.01,0.045496732475418855,0.9939002343077379,0.26897729367162315
rescaled_domain,0.01,0.05263533508961826,0.9918438348690697,0.3112196118470914
rescaled_domain,0.01,0.06026312439675552,0.989321266975373,0.35637654822958215
rescaled_domain,0.01,0.06837175952121305,0.9862739411034948,0.4044027906628312
rescaled_domain,0.01,0.07695237378953235,0.9826423462927433,0.45525873356822844
rescaled_domain,0.01,0.08599558442598998,0.9783668872997624,0.5088987085125964
rescaled_domain,0.01,0.09549150281252633,0.9733886032136881,0.5652779361562592
rescaled_domain,0.01,0.10542974530180327,0.9676500114314635,0.6243499296494663
rescaled_domain,0.01,0.11579944457157043,0.9610959514638009,0.6860682898539615
rescaled_domain,0.01,0.1265892615079232,0.953674467878861,0.7503853702669636
rescaled_domain,0.01,0.13778739760445552,0.9453377259736636,0.8172533130087658
rescaled_domain,0.01,0.1493816078637557,0.9360428913987383,0.886629754385254
rescaled_domain,0.01,0.16135921418712956,0.9257529062001819,0.9584699092955596
rescaled_domain,0.01,0.17370711923791565,0.9144375008634218,1.032727226237916
rescaled_domain,0.01,0.18641182076323148,0.902073857645774,1.1093621156323832
rescaled_domain,0.01,0.19945942635848746,0.8886473190524206,1.1883357095305922
rescaled_domain,0.01,0.2128356686585282,0.8741520253130963,1.269614915945033
rescaled_domain,0.01,0.22652592093878665,0.8585913042610438,1.3531652148297364
rescaled_domain,0.01,0.2405152131093924,0.8419782618074949,1.4389594602615678
rescaled_domain,0.01,0.2547882480847459,0.8243356751726434,1.526977346766451
rescaled_domain,0.01,0.26932941851065617,0.8056963460180036,1.6171981072113022
rescaled_domain,0.01,0.2841228238307536,0.7861028286720914,1.7096152953050787
rescaled_domain,0.01,0.29915228767351537,0.7656071362373459,1.8042257501560917
rescaled_domain,0.01,0.31440137554088965,0.7442704147570472,1.9010352294672959
rescaled_domain,0.01,0.32985341277917846,0.7221621936922782,2.0000598781065184
rescaled_domain,0.01,0.34549150281252644,0.699359748939896,2.101325710637754
rescaled_domain,0.01,0.3612985456190778,0.6759470837953665,2.2048714627068584
rescaled_domain,0.01,0.37725725642960045,0.6520140073888172,2.3107476769143935
rescaled_domain,0.01,0.39335018462812665,0.6276549329669431,2.4190217386618453
rescaled_domain,0.01,0.4095597328339451,0.6029677136325617,2.529775379633416
rescaled_domain,0.01,0.42586817614407896,0.5780524008890536,2.643108238959455
rescaled_domain,0.01,0.44225768151520706,0.5530099709851655,2.7591398632095476
rescaled_domain,0.01,0.4587103272638339,0.5279410691545076,2.8780107912179753
rescaled_domain,0.01,0.4752081226633889,0.502944795626424,2.9998849918582295
rescaled_domain,0.01,0.49173302761682075,0.47811753809705443,3.1249525381475673
rescaled_domain,0.01,0.5082669723831792,0.4535518967704813,3.2534312691536584
rescaled_domain,0.01,0.5247918773366113,0.4293357181681961,3.3855690789240893
rescaled_domain,0.01,0.5412896727361662,0.4055512475047866,3.5216471861058305
rescaled_domain,0.01,0.5577423184847932,0.38227440659791984,3.6619845966497886
rescaled_domain,0.01,0.574131823855921,0.359574201500002,3.806941816595024
rescaled_domain,0.01,0.5904402671660549,0.3375122873204821,3.956919680242202
rescaled_domain,0.01,0.6066498153718736,0.3161427229476247,4.1123671502808845
rescaled_domain,0.01,0.6227427435703996,0.29551176263437096,4.273790771149883
rescaled_domain,0.01,0.6387014543809224,0.27565784295624535,4.441753276652534
rescaled_domain,0.01,0.6545084971874737,0.25661170263554445,4.616873244496444
rescaled_domain,0.01,0.6701465872208214,0.23839664028892615,4.799847609221609
rescaled_domain,0.01,0.6855986244591104,0.22102868864366582,4.991447161782109
rescaled_domain,0.01,0.7008477123264848,0.20451716901655026,5.192524466700848
rescaled_domain,0.01,0.7158771761692464,0.1888649833151193,5.404025404853313
rescaled_domain,0.01,0.7306705814893439,0.1740692752683904,5.626994184373845
rescaled_domain,0.01,0.745211751915254,0.16012181567570957,5.862591421922262
rescaled_domain,0.01,0.7594847868906076,0.1470096901480107,6.11207461049056
rescaled_domain,0.01,0.7734740790612136,0.1347158384024694,6.3768634758788565
rescaled_domain,0.01,0.7871643313414718,0.12321949601592101,6.658497064809688
rescaled_domain,0.01,0.8005405736415125,0.11249697734318198,6.958661463702477
rescaled_domain,0.01,0.8135881792367685,0.10252196546484492,7.279230016402571
rescaled_domain,0.01,0.8262928807620843,0.09326618398537231,7.6222116647617995
rescaled_domain,0.01,0.8386407858128706,0.08469979365693057,7.989806455541721
rescaled_domain,0.01,0.8506183921362442,0.076791845872684,8.384378760988618
rescaled_domain,0.01,0.8622126023955445,0.06951067838632109,8.8084967980735
rescaled_domain,0.01,0.873410738492077,0.0628242069425511,9.264878793524952
rescaled_domain,0.01,0.8842005554284296,0.056700335852688695,9.756343067761362
rescaled_domain,0.01,0.8945702546981968,0.051107176978699834,10.285838965914428
rescaled_domain,0.01,0.9045084971874737,0.046013281343054845,10.856345007349768
rescaled_domain,0.01,0.91400441557401,0.041387852016224184,11.470761610703326
rescaled_domain,0.01,0.9230476262104677,0.037200914277225966,12.131787969910903
rescaled_domain,0.01,0.9316282404787869,0.03342345130865927,12.841716657200354
rescaled_domain,0.01,0.9397368756032445,0.03002753233521061,13.602209442818673
rescaled_domain,0.01,0.9473646649103817,0.026986384194579813,14.413882014887115
rescaled_domain,0.01,0.9545032675245813,0.024274522676885436,15.276032311804359
rescaled_domain,0.01,0.9611448774886924,0.021867727742868402,16.186104964018032
rescaled_domain,0.01,0.9672822322997304,0.019743188478998475,17.138862638446554
rescaled_domain,0.01,0.9729086208503173,0.01787953274884658,18.125920194324102
rescaled_domain,0.01,0.9780178907671788,0.0162568874804695,19.13537135167227
rescaled_domain,0.01,0.9826044551386743,0.014856882882460334,20.151030140951754
rescaled_domain,0.01,0.9866632986240029,0.013662784395612124,21.151668312727363
rescaled_domain,0.01,0.9901899829374047,0.01265955836118889,22.111475991950048
rescaled_domain,0.01,0.9931806517013612,0.011833934223334014,23.001687028907778
rescaled_domain,0.01,0.9956320346634876,0.011174435347880074,23.79089893783202
rescaled_domain,0.01,0.9975414512725057,0.010671548946563983,24.446797887989792
rescaled_domain,0.01,0.9989068136093873,0.010317773808515566,24.939913742720485
rescaled_domain,0.01,0.999726628670463,0.010107692957355849,25.24628792485624
rescaled_domain,0.01,1.0,0.010038031330520206,25.35025437124815
rescaled_domain,0.02,0.0,1.0,5.9834302419403684e-06
rescaled_domain,0.02,0.0002733713295369755,0.9999997920492075,0.0015153965617735665
rescaled_domain,0.02,0.0010931863906127326,0.9999966942220606,0.006041952235985467
rescaled_domain,0.02,0.002458548727494292,0.9999832983074946,0.013580563667259373
rescaled_domain,0.02,0.004367965336512403,0.9999473033532246,0.024122763172507482
rescaled_domain,0.02,0.006819348298638839,0.9998715860429351,0.037656695802358996
rescaled_domain,0.02,0.009810017062595322,0.9997343017271724,0.0541671209665379
rescaled_domain,0.02,0.013336701375997129,0.9995090184986034,0.07363541216642917
rescaled_domain,0.02,0.017395544861325718,0.9991648872190364,0.09604173156331818
rescaled_domain,0.02,0.02198210923282118,0.9986668295606246,0.12137265930988442
rescaled_domain,0.02,0.02709137914968268,0.9979757017510388,0.14958722419456907
rescaled_domain,0.02,0.03271776770026952,0.9970489346759599,0.18066067819291587
rescaled_domain,0.02,0.03885512251130763,0.995840264992012,0.21456929549094994
rescaled_domain,0.02,0.045496732475418855,0.9943007909128001,0.251263286582816
rescaled_domain,0.02,0.05263533508961826,0.9923789354305477,0.29071783522770894
rescaled_domain,0.02,0.06026312439675552,0.990021142023774,0.3328959479956652
rescaled_domain,0.02,0.06837175952121305,0.9871723140470472,0.37775460478707873
rescaled_domain,0.02,0.07695237378953235,0.9837766127465368,0.42525298506399545
rescaled_domain,0.02,0.08599558442598998,0.9797778322043297,0.4753512255033592
rescaled_domain,0.02,0.09549150281252633,0.9751203661636376,0.5280016405564099
rescaled_domain,0.02,0.10542974530180327,0.9697497765136539,0.5831612693335624
rescaled_domain,0.02,0.11579944457157043,0.9636136579586524,0.6407880423425457
rescaled_domain,0.02,0.1265892615079232,0.9566623024928723,0.7008346459269925
rescaled_domain,0.02,0.13778739760445552,0.9488497595032552,0.7632560845178679
rescaled_domain,0.02,0.1493816078637557,0.9401343312541354,0.8280087368811381
rescaled_domain,0.02,0.16135921418712956,0.9304796892630227,0.895047013708412
rescaled_domain,0.02,0.17370711923791565,0.9198553554961106,0.9643289650639718
rescaled_domain,0.02,0.18641182076323148,0.9082376703335376,1.0358141960158986
rescaled_domain,0.02,0.19945942635848746,0.8956101761425309,1.1094610674559116
rescaled_domain,0.02,0.2128356686585282,0.8819645561623126,1.185231559004484
rescaled_domain,0.02,0.22652592093878665,0.867300689249657,1.2630955915545072
rescaled_domain,0.02,0.2405152131093924,0.8516273348644348,1.3430176986372309
rescaled_domain,0.02,0.2547882480847459,0.8349622403984821,1.4249718802775546
rescaled_domain,0.02,0.26932941851065617,0.8173322395171078,1.50893582033114
rescaled_domain,0.02,0.2841228238307536,0.7987732267679245,1.5948913356258028
rescaled_domain,0.02,0.29915228767351537,0.7793299645704691,1.6828292058049539
rescaled_domain,0.02,0.31440137554088965,0.7590556582209245,1.7727425319323729
rescaled_domain,0.02,0.32985341277917846,0.7380116505715335,1.8646321116627451
rescaled_domain,0.02,0.34549150281252644,0.7162665791315452,1.958510634933721
rescaled_domain,0.02,0.3612985456190778,0.6938957467832136,2.054397657503914
rescaled_domain,0.02,0.37725725642960045,0.6709801594392144,2.1523232977069755
rescaled_domain,0.02,0.39335018462812665,0.6476056318678437,2.2523266800618336
rescaled_domain,0.02,0.4095597328339451,0.6238617002793888,2.3544613163469967
rescaled_domain,0.02,0.42586817614407896,0.599840509219632,2.4587939303894113
rescaled_domain,0.02,0.44225768151520706,0.5756356946358461,2.565404601785489
rescaled_domain,0.02,0.4587103272638339,0.5513412554614231,2.6743892143984023
rescaled_domain,0.02,0.4752081226633889,0.5270504250150697,2.785860922434748
rescaled_domain,0.02,0.49173302761682075,0.502854603079084,2.89995103516694
rescaled_domain,0.02,0.5082669723831792,0.4788423418067249,3.016810711952648
rescaled_domain,0.02,0.5247918773366113,0.455098419232828,3.136612161931675
rescaled_domain,0.02,0.5412896727361662,0.4317030103095355,3.2595505713518103
rescaled_domain,0.02,0.5577423184847932,0.4087309630640173,3.3858469111709013
rescaled_domain,0.02,0.574131823855921,0.38625118515199874,3.515745612598745
rescaled_domain,0.02,0.5904402671660549,0.36432622184244495,3.649522205919466
rescaled_domain,0.02,0.6066498153718736,0.3430118088021779,3.787484683657444
rescaled_domain,0.02,0.6227427435703996,0.32235672920438274,3.929966319353292
rescaled_domain,0.02,0.6387014543809224,0.30240270774058003,4.077336846854696
rescaled_domain,0.02,0.6545084971874737,0.2831843885036053,4.230010541455401
rescaled_domain,0.02,0.6701465872208214,0.26472940599248795,4.388434124352521
rescaled_domain,0.02,0.6855986244591104,0.2470587094402935,4.553094605671913
rescaled_domain,0.02,0.7008477123264848,0.23018673165019277,4.724517687400841
rescaled_domain,0.02,0.7158771761692464,0.21412189618444136,4.903281835192879
rescaled_domain,0.02,0.7306705814893439,0.19886680635524107,5.090019034262444
rescaled_domain,0.02,0.745211751915254,0.1844188978718353,5.285389989115228
rescaled_domain,0.02,0.7594847868906076,0.17077083592756384,5.490116100440187
rescaled_domain,0.02,0.7734740790612136,0.15791101980204844,5.704963355704074
rescaled_domain,0.02,0.7871643313414718,0.14582410448915195,5.930740478845751
rescaled_domain,0.02,0.8005405736415125,0.134491500021269,6.168322424840386
rescaled_domain,0.02,0.8135881792367685,0.1238917788706357,6.418592484695706
rescaled_domain,0.02,0.8262928807620843,0.11400136063426737,6.6824762562591085
rescaled_domain,0.02,0.8386407858128706,0.10479468691458578,6.960938641977811
rescaled_domain,0.02,0.8506183921362442,0.09624487315974461,7.254926282691976
rescaled_domain,0.02,0.8622126023955445,0.08832393303100346,7.565377816137142
rescaled_domain,0.02,0.873410738492077,0.08100327674809588,7.89319543104031
rescaled_domain,0.02,0.8842005554284296,0.07425387585605449,8.239199055577995
rescaled_domain,0.02,0.8945702546981968,0.06804672258291611,8.604079264904792
rescaled_domain,0.02,0.9045084971874737,0.06235292011292338,8.98837615307391
rescaled_domain,0.02,0.91400441557401,0.0571440345333138,9.392337599874036
rescaled_domain,0.02,0.9230476262104677,0.052392221875634054,9.815889887928266
rescaled_domain,0.02,0.9316282404787869,0.0480704402279808,10.258571352740013
rescaled_domain,0.02,0.9397368756032445,0.04415251465085158,10.719333663495435
rescaled_domain,0.02,0.9473646649103817,0.04061338540390998,11.19646172162844
rescaled_domain,0.02,0.9545032675245813,0.03742908734471632,11.687500977590863
rescaled_domain,0.02,0.9611448774886924,0.03457693200449425,12.189016092912551
rescaled_domain,0.02,0.9672822322997304,0.032035539428039585,12.696390500027864
rescaled_domain,0.02,0.9729086208503173,0.029784998610311014,13.204190944066726
rescaled_domain,0.02,0.9780178907671788,0.027806725161560516,13.705559392357323
rescaled_domain,0.02,0.9826044551386743,0.026083813800780693,14.192447062165748
rescaled_domain,0.02,0.9866632986240029,0.02460083320625311,14.656152931602833
rescaled_domain,0.02,0.9901899829374047,0.023344034252136193,15.086774702623991
rescaled_domain,0.02,0.9931806517013612,0.022301368710054944,15.474131671769124
rescaled_domain,0.02,0.9956320346634876,0.021462534061406736,15.808140673280603
rescaled_domain,0.02,0.9975414512725057,0.02081902330751374,16.079350325826375
rescaled_domain,0.02,0.9989068136093873,0.020364169186777827,16.27955391746829
rescaled_domain,0.02,0.999726628670463,0.020093181107766804,16.402379486827506
rescaled_domain,0.02,1.0,0.02000317307311117,16.443783881254145
rescaled_domain,0.05,0.0,1.0,6.0790355405515584e-05
rescaled_domain,0.05,0.0002733713295369755,0.9999998070866171,0.0013505750497153344
rescaled_domain,0.05,0.0010931863906127326,0.9999971143661236,0.005218217880371026
rescaled_domain,0.05,0.002458548727494292,0.9999855925999666,0.011682172413321989
rescaled_domain,0.05,0.004367965336512403,0.9999546260948162,0.020748214550739868
rescaled_domain,0.05,0.006819348298638839,0.9998895114622021,0.032397618411863276
rescaled_domain,0.05,0.009810017062595322,0.9997713543697012,0.046614654247164024
rescaled_domain,0.05,0.013336701375997129,0.9995774886106349,0.06337362505520591
rescaled_domain,0.05,0.017395544861325718,0.9992812480623557,0.08266211898983356
rescaled_domain,0.05,0.02198210923282118,0.9988525453265338,0.10445345661622701
rescaled_domain,0.05,0.02709137914968268,0.9982576418560923,0.12873653829193277
rescaled_domain,0.05,0.03271776770026952,0.9974597602502828,0.15547374728392524
rescaled_domain,0.05,0.03885512251130763,0.9964191596777746,0.18465107230201103
rescaled_domain,0.05,0.045496732475418855,0.995093401289903,0.21623259596112257
rescaled_domain,0.05,0.05263533508961826,0.9934380062491383,0.2501808298702735
rescaled_domain,0.05,0.06026312439675552,0.9914065311389711,0.2864711533269155
rescaled_domain,0.05,0.06837175952121305,0.9889511717991138,0.32506618342291044
rescaled_domain,0.05,0.07695237378953235,0.9860232283273118,0.365927617155407
rescaled_domain,0.05,0.08599558442598998,0.982573655640872,0.4090203865705446
rescaled_domain,0.05,0.09549150281252633,0.9785535202342135,0.4543062906445504
rescaled_domain,0.05,0.10542974530180327,0.9739147469221441,0.5017419572259716
rescaled_domain,0.05,0.11579944457157043,0.9686106627687998,0.5512874958249998
rescaled_domain,0.05,0.1265892615079232,0.9625966510599903,0.6029043091131329
rescaled_domain,0.05,0.13778739760445552,0.9558307561183182,0.6565500707497444
rescaled_domain,0.05,0.1493816078637557,0.9482744712590241,0.7121840328581516
rescaled_domain,0.05,0.16135921418712956,0.9398932169785398,0.7697610008710756
rescaled_domain,0.05,0.17370711923791565,0.9306572698879098,0.829240232416024
rescaled_domain,0.05,0.18641182076323148,0.9205419561027377,0.8905860528239484
rescaled_domain,0.05,0.19945942635848746,0.9095285384705959,0.9537549946403974
rescaled_domain,0.05,0.2128356686585282,0.8976045742665175,1.0187089666624451
rescaled_domain,0.05,0.22652592093878665,0.8847644001204644,1.0854096504577162
rescaled_domain,0.05,0.2405152131093924,0.871009468294862,1.1538221715444557
rescaled_domain,0.05,0.2547882480847459,0.8563485790396415,1.223914394372352
rescaled_domain,0.05,0.26932941851065617,0.8407980498743947,1.2956557676022158
rescaled_domain,0.05,0.2841228238307536,0.8243817747165569,1.3690176684064683
rescaled_domain,0.05,0.29915228767351537,0.8071311721771517,1.443975290187547
rescaled_domain,0.05,0.31440137554088965,0.7890849770303526,1.5205083425200092
rescaled_domain,0.05,0.32985341277917846,0.7702889524795055,1.5986010456370465
rescaled_domain,0.05,0.34549150281252644,0.7507954637775036,1.6782393709466086
rescaled_domain,0.05,0.3612985456190778,0.7306630508767646,1.7594169761139076
rescaled_domain,0.05,0.37725725642960045,0.7099556572384434,1.8421332888851207
rescaled_domain,0.05,0.39335018462812665,0.6887420922207702,1.9263907387375443
rescaled_domain,0.05,0.4095597328339451,0.6670951593726084,2.012201314127817
rescaled_domain,0.05,0.42586817614407896,0.6450908583675763,2.0995826355926277
rescaled_domain,0.05,0.44225768151520706,0.622807513375254,2.1885596669592493
rescaled_domain,0.05,0.4587103272638339,0.6003248828255519,2.2791652907278466
rescaled_domain,0.05,0.4752081226633889,0.5777232569613623,2.3714410473205487
rescaled_domain,0.05,0.49173302761682075,0.5550825700546161,2.465437076911293
rescaled_domain,0.05,0.5082669723831792,0.5324815504189598,2.561212410589261
rescaled_domain,0.05,0.5247918773366113,0.5099969082736563,2.6588363640672283
rescaled_domain,0.05,0.5412896727361662,0.48770257194224287,2.758388084449426
rescaled_domain,0.05,0.5577423184847932,0.4656690224487046,2.8599562170557356
rescaled_domain,0.05,0.574131823855921,0.4439626896169518,2.963640251225295
rescaled_domain,0.05,0.5904402671660549,0.4226454368597486,3.069550828266716
rescaled_domain,0.05,0.6066498153718736,0.4017741378954274,3.177809304498996
rescaled_domain,0.05,0.6227427435703996,0.3814003584017484,3.288547506256489
rescaled_domain,0.05,0.6387014543809224,0.3615701248827971,3.40190526325431
rescaled_domain,0.05,0.6545084971874737,0.34232381942056245,3.518038147558153
rescaled_domain,0.05,0.6701465872208214,0.32369603189473783,3.637106791330574
rescaled_domain,0.05,0.6855986244591104,0.3057157549583129,3.7592787932274008
rescaled_domain,0.05,0.7008477123264848,0.2884063411833428,3.884736863765073
rescaled_domain,0.05,0.7158771761692464,0.2717857651156303,4.0136629471617145
rescaled_domain,0.05,0.7306705814893439,0.25586684114416547,4.146243978602434
rescaled_domain,0.05,0.745211751915254,0.2406575135169811,4.282670336564027
rescaled_domain,0.05,0.7594847868906076,0.22616115923565758,4.423133039011477
rescaled_domain,0.05,0.7734740790612136,0.2123769526404725,4.567816070346095
rescaled_domain,0.05,0.7871643313414718,0.19930024691067572,4.716891533784003
rescaled_domain,0.05,0.8005405736415125,0.18692296799504216,4.87051806985591
rescaled_domain,0.05,0.8135881792367685,0.17523398958663233,5.028838739497164
rescaled_domain,0.05,0.8262928807620843,0.16421951666700252,5.191964278578703
rescaled_domain,0.05,0.8386407858128706,0.15386350126817397,5.359982296387457
rescaled_domain,0.05,0.8506183921362442,0.14414793158571307,5.532908808017917
rescaled_domain,0.05,0.8622126023955445,0.13505337367782438,5.710710360090606
rescaled_domain,0.05,0.873410738492077,0.12655907623120355,5.893306130642276
rescaled_domain,0.05,0.8842005554284296,0.11864345093915447,6.080512436325473
rescaled_domain,0.05,0.8945702546981968,0.11128426953922774,6.27205773190623
rescaled_domain,0.05,0.9045084971874737,0.10445900008839884,6.467540633830338
rescaled_domain,0.05,0.91400441557401,0.09814502352528753,6.666437755569897
rescaled_domain,0.05,0.9230476262104677,0.09231986015047536,6.868101567342583
rescaled_domain,0.05,0.9316282404787869,0.08696133035597499,7.0717085236801775
rescaled_domain,0.05,0.9397368756032445,0.08204780676787189,7.276247074972634
rescaled_domain,0.05,0.9473646649103817,0.07755832028269864,7.480549048176216
rescaled_domain,0.05,0.9545032675245813,0.07347271266970051,7.683264126191183
rescaled_domain,0.05,0.9611448774886924,0.06977175066560128,7.882786071361373
rescaled_domain,0.05,0.9672822322997304,0.06643730866879446,8.077412912089194
rescaled_domain,0.05,0.9729086208503173,0.0634523129601856,8.265301890401862
rescaled_domain,0.05,0.9780178907671788,0.06080096393081937,8.444329096026456
rescaled_domain,0.05,0.9826044551386743,0.05846878386349703,8.612456027441414
rescaled_domain,0.05,0.9866632986240029,0.05644258878502135,8.767428338263514
rescaled_domain,0.05,0.9901899829374047,0.05471071228564735,8.907124572468874
rescaled_domain,0.05,0.9931806517013612,0.05326285682761587,9.029426735068496
rescaled_domain,0.05,0.9956320346634876,0.05209031802219084,9.132486202166609
rescaled_domain,0.05,0.9975414512725057,0.051185853202344714,9.21463736616323
rescaled_domain,0.05,0.9989068136093873,0.050543847067345535,9.274549073214938
rescaled_domain,0.05,0.999726628670463,0.05016024905373627,9.311057528705915
rescaled_domain,0.05,1.0,0.05003265102119971,9.323299847123323
rescaled_domain,0.1,0.0,1.0,0.00012330776036151292
rescaled_domain,0.1,0.0002733713295369755,0.9999998242395557,0.0011625657260575142
rescaled_domain,0.1,0.0010931863906127326,0.9999975936179065,0.004329337438497274
rescaled_domain,0.1,0.002458548727494292,0.9999880250068858,0.0096995916882837
rescaled_domain,0.1,0.004367965336512403,0.999962318025817,0.017221292935973336
rescaled_domain,0.1,0.006819348298638839,0.9999082784819414,0.02689095993285254
rescaled_domain,0.1,0.009810017062595322,0.9998101901898757,0.03869341509228246
rescaled_domain,0.1,0.013336701375997129,0.9996492699718651,0.05260496979241381
rescaled_domain,0.1,0.017395544861325718,0.9994033303471909,0.06861898674743447
rescaled_domain,0.1,0.02198210923282118,0.9990474097734912,0.08670289548265081
rescaled_domain,0.1,0.02709137914968268,0.9985535077442423,0.10685828736714947
rescaled_domain,0.1,0.03271776770026952,0.9978909703491978,0.12905595204076234
rescaled_domain,0.1,0.03885512251130763,0.9970267464798813,0.1532688997769198
rescaled_domain,0.1,0.045496732475418855,0.9959255772286881,0.1794790631574411
rescaled_domain,0.1,0.05263533508961826,0.9945502109973487,0.2076589750393481
rescaled_domain,0.1,0.06026312439675552,0.9928618883694896,0.23777497988648597
rescaled_domain,0.1,0.06837175952121305,0.9908205704069893,0.2698027316248728
rescaled_domain,0.1,0.07695237378953235,0.9883852816718993,0.30370902978035685
rescaled_domain,0.1,0.08599558442598998,0.9855146711978474,0.3394604732552197
rescaled_domain,0.1,0.09549150281252633,0.9821672607167872,0.37702478166985
rescaled_domain,0.1,0.10542974530180327,0.9783020689891188,0.41636841709289735
rescaled_domain,0.1,0.11579944457157043,0.9738789101120855,0.45745865897559623
rescaled_domain,0.1,0.1265892615079232,0.9688590508723848,0.5002553040132328
rescaled_domain,0.1,0.13778739760445552,0.9632056847910061,0.5447193207175813
rescaled_domain,0.1,0.1493816078637557,0.9568844523376578,0.5908157752008472
rescaled_domain,0.1,0.16135921418712956,0.9498638409528524,0.6385109567497483
rescaled_domain,0.1,0.17370711923791565,0.9421157600055129,0.6877645329505125
rescaled_domain,0.1,0.18641182076323148,0.9336160891621245,0.7385376673771609
rescaled_domain,0.1,0.19945942635848746,0.9243450261572339,0.7907932774964945
rescaled_domain,0.1,0.2128356686585282,0.9142875758335154,0.8444933563596161
rescaled_domain,0.1,0.22652592093878665,0.9034338728137044,0.8996019588688676
rescaled_domain,0.1,0.2405152131093924,0.8917795079572344,0.9560830374323285
rescaled_domain,0.1,0.2547882480847459,0.87932578975448,1.0139014683593013
rescaled_domain,0.1,0.26932941851065617,0.8660799185225948,1.0730247892570037
rescaled_domain,0.1,0.2841228238307536,0.8520550642172616,1.1334180141578076
rescaled_domain,0.1,0.29915228767351537,0.8372705262515183,1.1950489934439201
rescaled_domain,0.1,0.31440137554088965,0.8217515053832156,1.2578894895509376
rescaled_domain,0.1,0.32985341277917846,0.8055290892577215,1.3219127680805927
rescaled_domain,0.1,0.34549150281252644,0.788639910657734,1.3870940134733578
rescaled_domain,0.1,0.3612985456190778,0.7711259745274264,1.4534065906299567
rescaled_domain,0.1,0.37725725642960045,0.7530342440187496,1.5208306754076377
rescaled_domain,0.1,0.39335018462812665,0.7344161118417647,1.5893498982470253
rescaled_domain,0.1,0.4095597328339451,0.7153269485091096,1.6589491073670954
rescaled_domain,0.1,0.42586817614407896,0.6958255100709325,1.7296156841582069
rescaled_domain,0.1,0.44225768151520706,0.675973361717452,1.801339543326842
rescaled_domain,0.1,0.4587103272638339,0.6558342089806614,1.8741166698020777
rescaled_domain,0.1,0.4752081226633889,0.6354731948854854,1.9479451927870077
rescaled_domain,0.1,0.49173302761682075,0.6149562986040858,2.0228254251827784
rescaled_domain,0.1,0.5082669723831792,0.5943496210763279,2.098762937340434
rescaled_domain,0.1,0.5247918773366113,0.5737187433610806,2.1757662335284587
rescaled_domain,0.1,0.5412896727361662,0.5531281045338639,2.2538468371717886
rescaled_domain,0.1,0.5577423184847932,0.5326404198521922,2.333020268076853
rescaled_domain,0.1,0.574131823855921,0.5123161210880852,2.4133048326175293
rescaled_domain,0.1,0.5904402671660549,0.4922128953061035,2.494720675495702
rescaled_domain,0.1,0.6066498153718736,0.47238524633620116,2.577292004574512
rescaled_domain,0.1,0.6227427435703996,0.45288411452085303,2.6610450780061963
rescaled_domain,0.1,0.6387014543809224,0.4337565980922766,2.7460072764535326
rescaled_domain,0.1,0.6545084971874737,0.41504571097829235,2.8322049541274352
rescaled_domain,0.1,0.6701465872208214,0.39679025701035137,2.9196645678034234
rescaled_domain,0.1,0.6855986244591104,0.37902468756113367,3.0084169042887092
rescaled_domain,0.1,0.7008477123264848,0.3617790465331624,3.098486617896549
rescaled_domain,0.1,0.7158771761692464,0.34507906991027226,3.18989405275287
rescaled_domain,0.1,0.7306705814893439,0.3289461921544592,3.282654253459335
rescaled_domain,0.1,0.745211751915254,0.3133977414465595,3.3767782949482643
rescaled_domain,0.1,0.7594847868906076,0.29844700524746315,3.4722723189810596
rescaled_domain,0.1,0.7734740790612136,0.28410350679696106,3.5691259092924463
rescaled_domain,0.1,0.7871643313414718,0.27037321722868146,3.6673184349106633
rescaled_domain,0.1,0.8005405736415125,0.2572588031888181,3.766814339142739
rescaled_domain,0.1,0.8135881792367685,0.24475990148273524,3.867558697324219
rescaled_domain,0.1,0.8262928807620843,0.23287340643013443,3.9694788508194088
rescaled_domain,0.1,0.8386407858128706,0.22159373264433618,4.072476405819902
rescaled_domain,0.1,0.8506183921362442,0.21091314401026862,4.17642927662182
rescaled_domain,0.1,0.8622126023955445,0.20082198602119639,4.2811904592403405
rescaled_domain,0.1,0.873410738492077,0.1913090038241056,4.386564433953003
rescaled_domain,0.1,0.8842005554284296,0.18236165324275547,4.492320984339125
rescaled_domain,0.1,0.8945702546981968,0.17396630548440542,4.598203153683869
rescaled_domain,0.1,0.9045084971874737,0.16610850042119776,4.703919154995045
rescaled_domain,0.1,0.91400441557401,0.15877316464886315,4.809116213315282
rescaled_domain,0.1,0.9230476262104677,0.15194491061676327,4.913399448576098
rescaled_domain,0.1,0.9316282404787869,0.14560814921353107,5.016329256926375
rescaled_domain,0.1,0.9397368756032445,0.13974735897390353,5.117427375236819
rescaled_domain,0.1,0.9473646649103817,0.13434716657311074,5.216179626863838
rescaled_domain,0.1,0.9545032675245813,0.12939257902760867,5.312005326137654
rescaled_domain,0.1,0.9611448774886924,0.12486910840106735,5.40432830788679
rescaled_domain,0.1,0.9672822322997304,0.12076284270582915,5.492531985340044
rescaled_domain,0.1,0.9729086208503173,0.11706064212056151,5.57594845387814
rescaled_domain,0.1,0.9780178907671788,0.11375020737862862,5.653942722930267
rescaled_domain,0.1,0.9826044551386743,0.11082013944632721,5.725903312668431
rescaled_domain,0.1,0.9866632986240029,0.10826003441317977,5.791111745887564
rescaled_domain,0.1,0.9901899829374047,0.1060606427362385,5.849028368945808
rescaled_domain,0.1,0.9931806517013612,0.10421372315383437,5.8990609697368575
rescaled_domain,0.1,0.9956320346634876,0.10271232473017602,5.940754231033067
rescaled_domain,0.1,0.9975414512725057,0.10155061321954122,5.973702782137529
rescaled_domain,0.1,0.9989068136093873,0.10072407559201241,5.997535401554656
rescaled_domain,0.1,0.999726628670463,0.1002294511987621,6.0122128984877765
rescaled_domain,0.1,1.0,0.10006478448620008,6.017202964238145
fixed_domain,0.01,0.0,0.9999997500006342,0.0018955504738584067
fixed_domain,0.01,0.0002733713295369755,0.9999989848453931,0.0037023724757936955
fixed_domain,0.01,0.0010931863906127326,0.9999937285118273,0.009121203271259828
fixed_domain,0.01,0.002458548727494292,0.999975113504247,0.01818999145636966
fixed_domain,0.01,0.004367965336512403,0.999928216956133,0.03091075661900239
fixed_domain,0.01,0.006819348298638839,0.9998324704035423,0.04722392497494581
fixed_domain,0.01,0.009810017062595322,0.9996614983224763,0.06713904577097544
fixed_domain,0.01,0.013336701375997129,0.9993834296124974,0.09062147874648051
fixed_domain,0.01,0.017395544861325718,0.9989610971578134,0.11764200180996506
fixed_domain,0.01,0.02198210923282118,0.998352285092963,0.14818495366994813
fixed_domain,0.01,0.02709137914968268,0.9975098891756442,0.18221342387091177
fixed_domain,0.01,0.03271776770026952,0.9963826296876327,0.21968779879941897
fixed_domain,0.01,0.03885512251130763,0.9949150789497986,0.2605754924704472
fixed_domain,0.01,0.045496732475418855,0.9930485387154736,0.3048375040855099
fixed_domain,0.01,0.05263533508961826,0.9907211974843032,0.3524293604720221
fixed_domain,0.01,0.06026312439675552,0.9878693040499923,0.40330727166465896
fixed_domain,0.01,0.06837175952121305,0.9844272352741051,0.4574287780773353
fixed_domain,0.01,0.07695237378953235,0.9803289720861528,0.5147359992555154
fixed_domain,0.01,0.08599558442598998,0.9755084204507389,0.5751924657899248
fixed_domain,0.01,0.09549150281252633,0.9699005420340551,0.6387456165681905
fixed_domain,0.01,0.10542974530180327,0.963442355742483,0.7053401247091011
fixed_domain,0.01,0.11579944457157043,0.9560739829012742,0.7749314346347835
fixed_domain,0.01,0.1265892615079232,0.9477394485050367,0.8474699118261521
fixed_domain,0.01,0.13778739760445552,0.938388108826557,0.9229069780923169
fixed_domain,0.01,0.1493816078637557,0.9279752898193685,1.0011958924084745
fixed_domain,0.01,0.16135921418712956,0.9164637385039716,1.0822884216951958
fixed_domain,0.01,0.17370711923791565,0.9038241935364195,1.1661473618184663
fixed_domain,0.01,0.18641182076323148,0.8900364990638105,1.2527310768172326
fixed_domain,0.01,0.19945942635848746,0.8750903130699089,1.3420049837623484
fixed_domain,0.01,0.2128356686585282,0.8589857675450502,1.4339405704002943
fixed_domain,0.01,0.22652592093878665,0.8417339331038556,1.528513658757645
fixed_domain,0.01,0.2405152131093924,0.823357225154875,1.625704942919881
fixed_domain,0.01,0.2547882480847459,0.8038895143342114,1.7255058396699983
fixed_domain,0.01,0.26932941851065617,0.783376038542139,1.8279171059475137
fixed_domain,0.01,0.2841228238307536,0.7618731698765067,1.9329471622020684
fixed_domain,0.01,0.29915228767351537,0.7394479775219664,2.040617077365741
fixed_domain,0.01,0.31440137554088965,0.7161774950732335,2.1509626580712067
fixed_domain,0.01,0.32985341277917846,0.6921478803055257,2.264034585611336
fixed_domain,0.01,0.34549150281252644,0.6674533439681832,2.3798988012978763
fixed_domain,0.01,0.3612985456190778,0.6421950112514727,2.4986408249020804
fixed_domain,0.01,0.37725725642960045,0.6164795080469059,2.6203686399861885
fixed_domain,0.01,0.39335018462812665,0.5904175938144088,2.745212748051538
fixed_domain,0.01,0.4095597328339451,0.5641226287797642,2.8733311561827377
fixed_domain,0.01,0.42586817614407896,0.5377090732941128,3.0049105940402256
fixed_domain,0.01,0.44225768151520706,0.5112909665906047,3.1401722608088734
fixed_domain,0.01,0.4587103272638339,0.48498043322772194,3.2793742754597495
fixed_domain,0.01,0.4752081226633889,0.45888630865985947,3.4228154803301547
fixed_domain,0.01,0.49173302761682075,0.43311283022471936,3.5708421678540594
fixed_domain,0.01,0.5082669723831792,0.40775847046166824,3.7238527111662627
fixed_domain,0.01,0.5247918773366113,0.38291492701474433,3.882303719491393
fixed_domain,0.01,0.5412896727361662,0.3586662762301739,4.046718196228443
fixed_domain,0.01,0.5577423184847932,0.33508829500589893,4.217695384826048
fixed_domain,0.01,0.574131823855921,0.3122479592051964,4.395913809227788
fixed_domain,0.01,0.5904402671660549,0.2902032034271669,4.582153061627544
fixed_domain,0.01,0.6066498153718736,0.2690026463320582,4.777299364340453
fixed_domain,0.01,0.6227427435703996,0.2486857930664675,4.982365526385929
fixed_domain,0.01,0.6387014543809224,0.22928300814576766,5.198508537619645
fixed_domain,0.01,0.6545084971874737,0.2108160388609458,5.427045686321988
fixed_domain,0.01,0.6701465872208214,0.19329824912520605,5.669487404778223
fixed_domain,0.01,0.6855986244591104,0.1767353188811975,5.927564641833118
fixed_domain,0.01,0.7008477123264848,0.16112565092712094,6.20327902097897
fixed_domain,0.01,0.7158771761692464,0.14646115679271846,6.498920052084527
fixed_domain,0.01,0.7306705814893439,0.13272788633696947,6.817137758712152
fixed_domain,0.01,0.745211751915254,0.11990675975120078,7.1610127899567875
fixed_domain,0.01,0.7594847868906076,0.10797420672713699,7.534141472130906
fixed_domain,0.01,0.7734740790612136,0.09690289878531243,7.940709722629061
fixed_domain,0.01,0.7871643313414718,0.08666243322208285,8.385634482220054
fixed_domain,0.01,0.8005405736415125,0.07721993126370452,8.87474236534894
fixed_domain,0.01,0.8135881792367685,0.0685406061359244,9.41493817458315
fixed_domain,0.01,0.8262928807620843,0.06058835657923594,10.014447360309942
fixed_domain,0.01,0.8386407858128706,0.05332622591536665,10.683162880972151
fixed_domain,0.01,0.8506183921362442,0.04671684162389839,11.433080612983124
fixed_domain,0.01,0.8622126023955445,0.04072275739516942,12.278744992694879
fixed_domain,0.01,0.873410738492077,0.035306904056477316,13.238087091672767
fixed_domain,0.01,0.8842005554284296,0.03043265615867426,14.333337371859745
fixed_domain,0.01,0.8945702546981968,0.026064284686920458,15.592255672441272
fixed_domain,0.01,0.9045084971874737,0.022166930609192982,17.050006459637128
fixed_domain,0.01,0.91400441557401,0.018706923357329073,18.751361020062355
fixed_domain,0.01,0.9230476262104677,0.0156517607211872,20.75456633127433
fixed_domain,0.01,0.9316282404787869,0.012970187688602017,23.136104991590795
fixed_domain,0.01,0.9397368756032445,0.01063224114652093,17.161811361527352
fixed_domain,0.01,0.9473646649103817,0.01,4.007032672288224
fixed_domain,0.01,0.9545032675245813,0.01,0.0
fixed_domain,0.01,0.9611448774886924,0.01,0.0
fixed_domain,0.01,0.9672822322997304,0.01,0.0
fixed_domain,0.01,0.9729086208503173,0.01,2.220446049250313e-14
fixed_domain,0.01,0.9780178907671788,0.01,0.0
fixed_domain,0.01,0.9826044551386743,0.01,0.0
fixed_domain,0.01,0.9866632986240029,0.01,0.0
fixed_domain,0.01,0.9901899829374047,0.01,2.220446049250313e-14
fixed_domain,0.01,0.9931806517013612,0.01,0.0
fixed_domain,0.01,0.9956320346634876,0.01,4.440892098500626e-14
fixed_domain,0.01,0.9975414512725057,0.01,0.0
fixed_domain,0.01,0.9989068136093873,0.01,8.881784197001252e-14
fixed_domain,0.01,0.999726628670463,0.01,3.552713678800501e-13
fixed_domain,0.01,1.0,0.01,0.0
fixed_domain,0.02,0.0,0.9999997500006342,0.0018955504738584067
fixed_domain,0.02,0.0002733713295369755,0.9999989848453931,0.0037023724757936955
fixed_domain,0.02,0.0010931863906127326,0.9999937285118273,0.009121203271259828
fixed_domain,0.02,0.002458548727494292,0.999975113504247,0.01818999145636966
fixed_domain,0.02,0.004367965336512403,0.999928216956133,0.03091075661900239
fixed_domain,0.02,0.006819348298638839,0.9998324704035423,0.04722392497494581
fixed_domain,0.02,0.009810017062595322,0.9996614983224763,0.06713904577097544
fixed_domain,0.02,0.013336701375997129,0.9993834296124974,0.09062147874648051
fixed_domain,0.02,0.017395544861325718,0.9989610971578134,0.11764200180996506
fixed_domain,0.02,0.02198210923282118,0.998352285092963,0.14818495366994813
fixed_domain,0.02,0.02709137914968268,0.9975098891756442,0.18221342387091177
fixed_domain,0.02,0.03271776770026952,0.9963826296876327,0.21968779879941897
fixed_domain,0.02,0.03885512251130763,0.9949150789497986,0.2605754924704472
fixed_domain,0.02,0.045496732475418855,0.9930485387154736,0.3048375040855099
fixed_domain,0.02,0.05263533508961826,0.9907211974843032,0.3524293604720221
fixed_domain,0.02,0.06026312439675552,0.9878693040499923,0.40330727166465896
fixed_domain,0.02,0.06837175952121305,0.9844272352741051,0.4574287780773353
fixed_domain,0.02,0.07695237378953235,0.9803289720861528,0.5147359992555154
fixed_domain,0.02,0.08599558442598998,0.9755084204507389,0.5751924657899248
fixed_domain,0.02,0.09549150281252633,0.9699005420340551,0.6387456165681905
fixed_domain,0.02,0.10542974530180327,0.963442355742483,0.7053401247091011
fixed_domain,0.02,0.11579944457157043,0.9560739829012742,0.7749314346347835
fixed_domain,0.02,0.1265892615079232,0.9477394485050367,0.8474699118261521
fixed_domain,0.02,0.13778739760445552,0.938388108826557,0.9229069780923169
fixed_domain,0.02,0.1493816078637557,0.9279752898193685,1.0011958924084745
fixed_domain,0.02,0.16135921418712956,0.9164637385039716,1.0822884216951958
fixed_domain,0.02,0.17370711923791565,0.9038241935364195,1.1661473618184663
fixed_domain,0.02,0.18641182076323148,0.8900364990638105,1.2527310768172326
fixed_domain,0.02,0.19945942635848746,0.8750903130699089,1.3420049837623484
fixed_domain,0.02,0.2128356686585282,0.8589857675450502,1.4339405704002943
fixed_domain,0.02,0.22652592093878665,0.8417339331038556,1.528513658757645
fixed_domain,0.02,0.2405152131093924,0.823357225154875,1.625704942919881
fixed_domain,0.02,0.2547882480847459,0.8038895143342114,1.7255058396699983
fixed_domain,0.02,0.26932941851065617,0.783376038542139,1.8279171059475137
fixed_domain,0.02,0.2841228238307536,0.7618731698765067,1.9329471622020684
fixed_domain,0.02,0.29915228767351537,0.7394479775219664,2.040617077365741
fixed_domain,0.02,0.31440137554088965,0.7161774950732335,2.1509626580712067
fixed_domain,0.02,0.32985341277917846,0.6921478803055257,2.264034585611336
fixed_domain,0.02,0.34549150281252644,0.6674533439681832,2.3798988012978763
fixed_domain,0.02,0.3612985456190778,0.6421950112514727,2.4986408249020804
fixed_domain,0.02,0.37725725642960045,0.6164795080469059,2.6203686399861885
fixed_domain,0.02,0.39335018462812665,0.5904175938144088,2.745212748051538
fixed_domain,0.02,0.4095597328339451,0.5641226287797642,2.8733311561827377
fixed_domain,0.02,0.42586817614407896,0.5377090732941128,3.0049105940402256
fixed_domain,0.02,0.44225768151520706,0.5112909665906047,3.1401722608088734
fixed_domain,0.02,0.4587103272638339,0.48498043322772194,3.2793742754597495
fixed_domain,0.02,0.4752081226633889,0.45888630865985947,3.4228154803301547
fixed_domain,0.02,0.49173302761682075,0.43311283022471936,3.5708421678540594
fixed_domain,0.02,0.5082669723831792,0.40775847046166824,3.7238527111662627
fixed_domain,0.02,0.5247918773366113,0.38291492701474433,3.882303719491393
fixed_domain,0.02,0.5412896727361662,0.3586662762301739,4.046718196228443
fixed_domain,0.02,0.5577423184847932,0.33508829500589893,4.217695384826048
fixed_domain,0.02,0.574131823855921,0.3122479592051964,4.395913809227788
fixed_domain,0.02,0.5904402671660549,0.2902032034271669,4.582153061627544
fixed_domain,0.02,0.6066498153718736,0.2690026463320582,4.777299364340453
fixed_domain,0.02,0.6227427435703996,0.2486857930664675,4.982365526385929
fixed_domain,0.02,0.6387014543809224,0.22928300814576766,5.198508537619645
fixed_domain,0.02,0.6545084971874737,0.2108160388609458,5.427045686321988
fixed_domain,0.02,0.6701465872208214,0.19329824912520605,5.669487404778223
fixed_domain,0.02,0.6855986244591104,0.1767353188811975,5.927564641833118
fixed_domain,0.02,0.7008477123264848,0.16112565092712094,6.20327902097897
fixed_domain,0.02,0.7158771761692464,0.14646115679271846,6.498920052084527
fixed_domain,0.02,0.7306705814893439,0.13272788633696947,6.817137758712152
fixed_domain,0.02,0.745211751915254,0.11990675975120078,7.1610127899567875
fixed_domain,0.02,0.7594847868906076,0.10797420672713699,7.534141472130906
fixed_domain,0.02,0.7734740790612136,0.09690289878531243,7.940709722629061
fixed_domain,0.02,0.7871643313414718,0.08666243322208285,8.385634482220054
fixed_domain,0.02,0.8005405736415125,0.07721993126370452,8.87474236534894
fixed_domain,0.02,0.8135881792367685,0.0685406061359244,9.41493817458315
fixed_domain,0.02,0.8262928807620843,0.06058835657923594,10.014447360309942
fixed_domain,0.02,0.8386407858128706,0.05332622591536665,10.683162880972151
fixed_domain,0.02,0.8506183921362442,0.04671684162389839,11.433080612983124
fixed_domain,0.02,0.8622126023955445,0.04072275739516942,12.278744992694879
fixed_domain,0.02,0.873410738492077,0.035306904056477316,13.238087091672767
fixed_domain,0.02,0.8842005554284296,0.03043265615867426,14.333337371859745
fixed_domain,0.02,0.8945702546981968,0.026064284686920458,15.592255672441272
fixed_domain,0.02,0.9045084971874737,0.022166930609192982,13.908589909297175
fixed_domain,0.02,0.91400441557401,0.02,5.565591857317753
fixed_domain,0.02,0.9230476262104677,0.02,0.0
fixed_domain,0.02,0.9316282404787869,0.02,1.1102230246251565e-14
fixed_domain,0.02,0.9397368756032445,0.02,0.0
fixed_domain,0.02,0.9473646649103817,0.02,0.0
fixed_domain,0.02,0.9545032675245813,0.02,0.0
fixed_domain,0.02,0.9611448774886924,0.02,0.0
fixed_domain,0.02,0.9672822322997304,0.02,0.0
fixed_domain,0.02,0.9729086208503173,0.02,2.220446049250313e-14
fixed_domain,0.02,0.9780178907671788,0.02,0.0
fixed_domain,0.02,0.9826044551386743,0.02,0.0
fixed_domain,0.02,0.9866632986240029,0.02,0.0
fixed_domain,0.02,0.9901899829374047,0.02,2.220446049250313e-14
fixed_domain,0.02,0.9931806517013612,0.02,0.0
fixed_domain,0.02,0.9956320346634876,0.02,4.440892098500626e-14
fixed_domain,0.02,0.9975414512725057,0.02,0.0
fixed_domain,0.02,0.9989068136093873,0.02,8.881784197001252e-14
fixed_domain,0.02,0.999726628670463,0.02,3.552713678800501e-13
fixed_domain,0.02,1.0,0.02,0.0
fixed_domain,0.05,0.0,0.9999997500006342,0.0018955504738584067
fixed_domain,0.05,0.0002733713295369755,0.9999989848453931,0.0037023724757936955
fixed_domain,0.05,0.0010931863906127326,0.9999937285118273,0.009121203271259828
fixed_domain,0.05,0.002458548727494292,0.999975113504247,0.01818999145636966
fixed_domain,0.05,0.004367965336512403,0.999928216956133,0.03091075661900239
fixed_domain,0.05,0.006819348298638839,0.9998324704035423,0.04722392497494581
fixed_domain,0.05,0.009810017062595322,0.9996614983224763,0.06713904577097544
fixed_domain,0.05,0.013336701375997129,0.9993834296124974,0.09062147874648051
fixed_domain,0.05,0.017395544861325718,0.9989610971578134,0.11764200180996506
fixed_domain,0.05,0.02198210923282118,0.998352285092963,0.14818495366994813
fixed_domain,0.05,0.02709137914968268,0.9975098891756442,0.18221342387091177
fixed_domain,0.05,0.03271776770026952,0.9963826296876327,0.21968779879941897
fixed_domain,0.05,0.03885512251130763,0.9949150789497986,0.2605754924704472
fixed_domain,0.05,0.045496732475418855,0.9930485387154736,0.3048375040855099
fixed_domain,0.05,0.05263533508961826,0.9907211974843032,0.3524293604720221
fixed_domain,0.05,0.06026312439675552,0.9878693040499923,0.40330727166465896
fixed_domain,0.05,0.06837175952121305,0.9844272352741051,0.4574287780773353
fixed_domain,0.05,0.07695237378953235,0.9803289720861528,0.5147359992555154
fixed_domain,0.05,0.08599558442598998,0.9755084204507389,0.5751924657899248
fixed_domain,0.05,0.09549150281252633,0.9699005420340551,0.6387456165681905
fixed_domain,0.05,0.10542974530180327,0.963442355742483,0.7053401247091011
fixed_domain,0.05,0.11579944457157043,0.9560739829012742,0.7749314346347835
fixed_domain,0.05,0.1265892615079232,0.9477394485050367,0.8474699118261521
fixed_domain,0.05,0.13778739760445552,0.938388108826557,0.9229069780923169
fixed_domain,0.05,0.1493816078637557,0.9279752898193685,1.0011958924084745
fixed_domain,0.05,0.16135921418712956,0.9164637385039716,1.0822884216951958
fixed_domain,0.05,0.17370711923791565,0.9038241935364195,1.1661473618184663
fixed_domain,0.05,0.18641182076323148,0.8900364990638105,1.2527310768172326
fixed_domain,0.05,0.19945942635848746,0.8750903130699089,1.3420049837623484
fixed_domain,0.05,0.2128356686585282,0.8589857675450502,1.4339405704002943
fixed_domain,0.05,0.22652592093878665,0.8417339331038556,1.528513658757645
fixed_domain,0.05,0.2405152131093924,0.823357225154875,1.625704942919881
fixed_domain,0.05,0.2547882480847459,0.8038895143342114,1.7255058396699983
fixed_domain,0.05,0.26932941851065617,0.783376038542139,1.8279171059475137
fixed_domain,0.05,0.2841228238307536,0.7618731698765067,1.9329471622020684
fixed_domain,0.05,0.29915228767351537,0.7394479775219664,2.040617077365741
fixed_domain,0.05,0.31440137554088965,0.7161774950732335,2.1509626580712067
fixed_domain,0.05,0.32985341277917846,0.6921478803055257,2.264034585611336
fixed_domain,0.05,0.34549150281252644,0.6674533439681832,2.3798988012978763
fixed_domain,0.05,0.3612985456190778,0.6421950112514727,2.4986408249020804
fixed_domain,0.05,0.37725725642960045,0.6164795080469059,2.6203686399861885
fixed_domain,0.05,0.39335018462812665,0.5904175938144088,2.745212748051538
fixed_domain,0.05,0.4095597328339451,0.5641226287797642,2.8733311561827377
fixed_domain,0.05,0.42586817614407896,0.5377090732941128,3.0049105940402256
fixed_domain,0.05,0.44225768151520706,0.5112909665906047,3.1401722608088734
fixed_domain,0.05,0.4587103272638339,0.48498043322772194,3.2793742754597495
fixed_domain,0.05,0.4752081226633889,0.45888630865985947,3.4228154803301547
fixed_domain,0.05,0.49173302761682075,0.43311283022471936,3.5708421678540594
fixed_domain,0.05,0.5082669723831792,0.40775847046166824,3.7238527111662627
fixed_domain,0.05,0.5247918773366113,0.38291492701474433,3.882303719491393
fixed_domain,0.05,0.5412896727361662,0.3586662762301739,4.046718196228443
fixed_domain,0.05,0.5577423184847932,0.33508829500589893,4.217695384826048
fixed_domain,0.05,0.574131823855921,0.3122479592051964,4.395913809227788
fixed_domain,0.05,0.5904402671660549,0.2902032034271669,4.582153061627544
fixed_domain,0.05,0.6066498153718736,0.2690026463320582,4.777299364340453
fixed_domain,0.05,0.6227427435703996,0.2486857930664675,4.982365526385929
fixed_domain,0.05,0.6387014543809224,0.22928300814576766,5.198508537619645
fixed_domain,0.05,0.6545084971874737,0.2108160388609458,5.427045686321988
fixed_domain,0.05,0.6701465872208214,0.19329824912520605,5.669487404778223
fixed_domain,0.05,0.6855986244591104,0.1767353188811975,5.927564641833118
fixed_domain,0.05,0.7008477123264848,0.16112565092712094,6.20327902097897
fixed_domain,0.05,0.7158771761692464,0.14646115679271846,6.498920052084527
fixed_domain,0.05,0.7306705814893439,0.13272788633696947,6.817137758712152
fixed_domain,0.05,0.745211751915254,0.11990675975120078,7.1610127899567875
fixed_domain,0.05,0.7594847868906076,0.10797420672713699,7.534141472130906
fixed_domain,0.05,0.7734740790612136,0.09690289878531243,7.940709722629061
fixed_domain,0.05,0.7871643313414718,0.08666243322208285,8.385634482220054
fixed_domain,0.05,0.8005405736415125,0.07721993126370452,8.87474236534894
fixed_domain,0.05,0.8135881792367685,0.0685406061359244,9.41493817458315
fixed_domain,0.05,0.8262928807620843,0.06058835657923594,10.014447360309942
fixed_domain,0.05,0.8386407858128706,0.05332622591536665,8.073933545167122
fixed_domain,0.05,0.8506183921362442,0.05,2.731868702780025
fixed_domain,0.05,0.8622126023955445,0.05,0.0
fixed_domain,0.05,0.873410738492077,0.05,0.0
fixed_domain,0.05,0.8842005554284296,0.05,0.0
fixed_domain,0.05,0.8945702546981968,0.05,0.0
fixed_domain,0.05,0.9045084971874737,0.05,8.881784197001252e-15
fixed_domain,0.05,0.91400441557401,0.05,0.0
fixed_domain,0.05,0.9230476262104677,0.05,0.0
fixed_domain,0.05,0.9316282404787869,0.05,8.881784197001252e-15
fixed_domain,0.05,0.9397368756032445,0.05,8.881784197001252e-15
fixed_domain,0.05,0.9473646649103817,0.05,8.881784197001252e-15
fixed_domain,0.05,0.9545032675245813,0.05,0.0
fixed_domain,0.05,0.9611448774886924,0.05,0.0
fixed_domain,0.05,0.9672822322997304,0.05,0.0
fixed_domain,0.05,0.9729086208503173,0.05,0.0
fixed_domain,0.05,0.9780178907671788,0.05,3.552713678800501e-14
fixed_domain,0.05,0.9826044551386743,0.05,0.0
fixed_domain,0.05,0.9866632986240029,0.05,0.0
fixed_domain,0.05,0.9901899829374047,0.05,3.552713678800501e-14
fixed_domain,0.05,0.9931806517013612,0.05,0.0
fixed_domain,0.05,0.9956320346634876,0.05,7.105427357601002e-14
fixed_domain,0.05,0.9975414512725057,0.05,0.0
fixed_domain,0.05,0.9989068136093873,0.05,1.4210854715202004e-13
fixed_domain,0.05,0.999726628670463,0.05,0.0
fixed_domain,0.05,1.0,0.05,0.0
fixed_domain,0.1,0.0,0.9999997500006342,0.0018955504738584067
fixed_domain,0.1,0.0002733713295369755,0.9999989848453931,0.0037023724757936955
fixed_domain,0.1,0.0010931863906127326,0.9999937285118273,0.009121203271259828
fixed_domain,0.1,0.002458548727494292,0.999975113504247,0.01818999145636966
fixed_domain,0.1,0.004367965336512403,0.999928216956133,0.03091075661900239
fixed_domain,0.1,0.006819348298638839,0.9998324704035423,0.04722392497494581
fixed_domain,0.1,0.009810017062595322,0.9996614983224763,0.06713904577097544
fixed_domain,0.1,0.013336701375997129,0.9993834296124974,0.09062147874648051
fixed_domain,0.1,0.017395544861325718,0.9989610971578134,0.11764200180996506
fixed_domain,0.1,0.02198210923282118,0.998352285092963,0.14818495366994813
fixed_domain,0.1,0.02709137914968268,0.9975098891756442,0.18221342387091177
fixed_domain,0.1,0.03271776770026952,0.9963826296876327,0.21968779879941897
fixed_domain,0.1,0.03885512251130763,0.9949150789497986,0.2605754924704472
fixed_domain,0.1,0.045496732475418855,0.9930485387154736,0.3048375040855099
fixed_domain,0.1,0.05263533508961826,0.9907211974843032,0.3524293604720221
fixed_domain,0.1,0.06026312439675552,0.9878693040499923,0.40330727166465896
fixed_domain,0.1,0.06837175952121305,0.9844272352741051,0.4574287780773353
fixed_domain,0.1,0.07695237378953235,0.9803289720861528,0.5147359992555154
fixed_domain,0.1,0.08599558442598998,0.9755084204507389,0.5751924657899248
fixed_domain,0.1,0.09549150281252633,0.9699005420340551,0.6387456165681905
fixed_domain,0.1,0.10542974530180327,0.963442355742483,0.7053401247091011
fixed_domain,0.1,0.11579944457157043,0.9560739829012742,0.7749314346347835
fixed_domain,0.1,0.1265892615079232,0.9477394485050367,0.8474699118261521
fixed_domain,0.1,0.13778739760445552,0.938388108826557,0.9229069780923169
fixed_domain,0.1,0.1493816078637557,0.9279752898193685,1.0011958924084745
fixed_domain,0.1,0.16135921418712956,0.9164637385039716,1.0822884216951958
fixed_domain,0.1,0.17370711923791565,0.9038241935364195,1.1661473618184663
fixed_domain,0.1,0.18641182076323148,0.8900364990638105,1.2527310768172326
fixed_domain,0.1,0.19945942635848746,0.8750903130699089,1.3420049837623484
fixed_domain,0.1,0.2128356686585282,0.8589857675450502,1.4339405704002943
fixed_domain,0.1,0.22652592093878665,0.8417339331038556,1.528513658757645
fixed_domain,0.1,0.2405152131093924,0.823357225154875,1.625704942919881
fixed_domain,0.1,0.2547882480847459,0.8038895143342114,1.7255058396699983
fixed_domain,0.1,0.26932941851065617,0.783376038542139,1.8279171059475137
fixed_domain,0.1,0.2841228238307536,0.7618731698765067,1.9329471622020684
fixed_domain,0.1,0.29915228767351537,0.7394479775219664,2.040617077365741
fixed_domain,0.1,0.31440137554088965,0.7161774950732335,2.1509626580712067
fixed_domain,0.1,0.32985341277917846,0.6921478803055257,2.264034585611336
fixed_domain,0.1,0.34549150281252644,0.6674533439681832,2.3798988012978763
fixed_domain,0.1,0.3612985456190778,0.6421950112514727,2.4986408249020804
fixed_domain,0.1,0.37725725642960045,0.6164795080469059,2.6203686399861885
fixed_domain,0.1,0.39335018462812665,0.5904175938144088,2.745212748051538
fixed_domain,0.1,0.4095597328339451,0.5641226287797642,2.8733311561827377
fixed_domain,0.1,0.42586817614407896,0.5377090732941128,3.0049105940402256
fixed_domain,0.1,0.44225768151520706,0.5112909665906047,3.1401722608088734
fixed_domain,0.1,0.4587103272638339,0.48498043322772194,3.2793742754597495
fixed_domain,0.1,0.4752081226633889,0.45888630865985947,3.4228154803301547
fixed_domain,0.1,0.49173302761682075,0.43311283022471936,3.5708421678540594
fixed_domain,0.1,0.5082669723831792,0.40775847046166824,3.7238527111662627
fixed_domain,0.1,0.5247918773366113,0.38291492701474433,3.882303719491393
fixed_domain,0.1,0.5412896727361662,0.3586662762301739,4.046718196228443
fixed_domain,0.1,0.5577423184847932,0.33508829500589893,4.217695384826048
fixed_domain,0.1,0.574131823855921,0.3122479592051964,4.395913809227788
fixed_domain,0.1,0.5904402671660549,0.2902032034271669,4.582153061627544
fixed_domain,0.1,0.6066498153718736,0.2690026463320582,4.777299364340453
fixed_domain,0.1,0.6227427435703996,0.2486857930664675,4.982365526385929
fixed_domain,0.1,0.6387014543809224,0.22928300814576766,5.198508537619645
fixed_domain,0.1,0.6545084971874737,0.2108160388609458,5.427045686321988
fixed_domain,0.1,0.6701465872208214,0.19329824912520605,5.669487404778223
fixed_domain,0.1,0.6855986244591104,0.1767353188811975,5.927564641833118
fixed_domain,0.1,0.7008477123264848,0.16112565092712094,6.20327902097897
fixed_domain,0.1,0.7158771761692464,0.14646115679271846,6.498920052084527
fixed_domain,0.1,0.7306705814893439,0.13272788633696947,6.817137758712152
fixed_domain,0.1,0.745211751915254,0.11990675975120078,7.1610127899567875
fixed_domain,0.1,0.7594847868906076,0.10797420672713699,6.4986463755923065
fixed_domain,0.1,0.7734740790612136,0.1,2.819319289291995
fixed_domain,0.1,0.7871643313414718,0.1,0.0
fixed_domain,0.1,0.8005405736415125,0.1,0.0
fixed_domain,0.1,0.8135881792367685,0.1,0.0
fixed_domain,0.1,0.8262928807620843,0.1,0.0
fixed_domain,0.1,0.8386407858128706,0.1,0.0
fixed_domain,0.1,0.8506183921362442,0.1,8.881784197001252e-15
fixed_domain,0.1,0.8622126023955445,0.1,0.0
fixed_domain,0.1,0.873410738492077,0.1,0.0
fixed_domain,0.1,0.8842005554284296,0.1,0.0
fixed_domain,0.1,0.8945702546981968,0.1,0.0
fixed_domain,0.1,0.9045084971874737,0.1,8.881784197001252e-15
fixed_domain,0.1,0.91400441557401,0.1,0.0
fixed_domain,0.1,0.9230476262104677,0.1,0.0
fixed_domain,0.1,0.9316282404787869,0.1,8.881784197001252e-15
fixed_domain,0.1,0.9397368756032445,0.1,8.881784197001252e-15
fixed_domain,0.1,0.9473646649103817,0.1,8.881784197001252e-15
fixed_domain,0.1,0.9545032675245813,0.1,0.0
fixed_domain,0.1,0.9611448774886924,0.1,0.0
fixed_domain,0.1,0.9672822322997304,0.1,0.0
fixed_domain,0.1,0.9729086208503173,0.1,0.0
fixed_domain,0.1,0.9780178907671788,0.1,3.552713678800501e-14
fixed_domain,0.1,0.9826044551386743,0.1,0.0
fixed_domain,0.1,0.9866632986240029,0.1,0.0
fixed_domain,0.1,0.9901899829374047,0.1,3.552713678800501e-14
fixed_domain,0.1,0.9931806517013612,0.1,0.0
fixed_domain,0.1,0.9956320346634876,0.1,7.105427357601002e-14
fixed_domain,0.1,0.9975414512725057,0.1,0.0
fixed_domain,0.1,0.9989068136093873,0.1,1.4210854715202004e-13
fixed_domain,0.1,0.999726628670463,0.1,0.0
fixed_domain,0.1,1.0,0.1,0.0
