E_bomb_erg,IE_erg,KE_erg,M_Ar_orich,M_Ar_total,M_C_orich,M_C_total,M_Ca_orich,M_Ca_total,M_Cr_orich,M_Cr_total,M_Fe_orich,M_Fe_total,M_He_orich,M_He_total,M_Mg_orich,M_Mg_total,M_Ne_orich,M_Ne_total,M_Ni_orich,M_Ni_total,M_O_orich,M_O_total,M_S_orich,M_S_total,M_Si_orich,M_Si_total,M_Ti_orich,M_Ti_total,M_ejecta_msun,M_orich_total,Mg_Ne,Mg_Ne_paper,Mg_Ne_ratio_to_paper,Si_Ne,mass_cut,nr,nz_orich,t_final,wall_s,zams
5e+50,2.0264377914766758e+50,3.2447147169318656e+50,3.9309150280211085e-05,0.012858395702559913,0.0411799385211003,0.1355386333661333,3.202581707441669e-05,0.00990024662188842,1.6082202541720483e-05,0.0008199240517427665,0.0006861257624809504,0.021063100730882058,0.004354603010360399,8.762562215285369,0.028694636064978338,0.03494023660268273,0.0956965855549776,0.11128231025769877,3.2864828034907444e-23,0.013431589823266343,0.3484581169282272,0.39912192134046587,0.00023189240828128127,0.047297200820046965,0.0069476841221055834,0.07562292063379379,1.7811076562823188e-06,4.1702515434487926e-05,9.624480590246355,0.5263387822790976,0.29985015555746547,0.3,0.999500518524885,0.07260117047869116,1.4,128,7,10.0,3.4327375888824463,12.02
1e+51,3.750399686036262e+50,7.285538091927466e+50,3.930915629551145e-05,0.01030605902325277,0.04117982332493269,0.13553652568892907,3.202581782632924e-05,0.04230880071745439,1.6082202541720483e-05,0.0013735415888363933,0.0006861257624809504,0.014901375469250687,0.004347368109738722,8.76304124621538,0.028697248133972283,0.03493853595947828,0.09572817289364925,0.11131419077098256,5.892189833816399e-19,0.022056030587651806,0.34843114582519813,0.3990538590945161,0.00023189273160367611,0.03124292025920988,0.006947818158036055,0.04400744836390909,1.7811065284134996e-06,0.01439988912684658,9.624480590246355,0.5263387822790976,0.29977850058680167,0.3,0.9992616686226723,0.07257861450834172,1.4,128,7,10.0,11.02546739578247,12.02
2e+51,6.907146742945153e+50,1.4350241458243576e+51,3.950727698037423e-05,0.0009496304953373775,0.04115434972728367,0.1355469617147193,3.223785265285783e-05,0.004951889399372958,1.6082202541720483e-05,0.020720063873334773,0.0006861257624809504,0.017882052746083493,0.004147984969200289,8.815492310218893,0.03613002501850332,0.04236855429478195,0.07978402289786239,0.09538337204358976,3.8727415946949327e-13,0.01041850851036696,0.35457630149081576,0.4051832202798476,0.00027324107923572125,0.0034720123745901627,0.009497347660577972,0.015884087828637383,1.5480116239928469e-06,0.05622771206037281,9.624480590246355,0.5263387822790976,0.45284787237109014,0.3,1.5094929079036339,0.11903821486585417,1.4,128,7,10.0,14.028458595275879,12.02
4e+51,1.2483749386575043e+51,2.42669674345352e+51,0.005018607441731618,0.00596859279467601,0.04030379972864157,0.13472470545132081,0.0017004504794367193,0.0023316567706118635,1.608695237327428e-05,0.012399559281864418,0.0006861079421536077,0.018936113077813992,0.0032695497092633924,8.882401662545057,0.032096045849087027,0.038345633587436166,0.06564031443738326,0.08143299309138997,1.651435603091618e-08,0.0019371667842621944,0.30404739491662386,0.3544944724577106,0.025633207877130023,0.028836884354952477,0.04792446758273511,0.05431446462906933,2.7281044313039885e-06,0.008356491852492905,9.624480590246355,0.5263387822790976,0.4889684963301728,0.3,1.6298949877672428,0.7301072213548283,1.4,128,7,10.0,16.20035719871521,12.02
5e+50,3.0424266703121298e+50,3.7028549188680264e+50,3.897879026482996e-05,0.0007029936746963824,0.055084154609082905,0.12183592934892376,3.136407280256488e-05,0.0005733208289016568,1.5748008869845483e-05,0.0002879635907628889,0.0006718678343559505,0.012285583256794524,0.004268186065886217,8.758669818815449,0.025165208459805837,0.03137548603999441,0.07284445044101065,0.08794042131994953,1.3829445267471214e-13,1.3829445267471214e-13,0.35078066959556337,0.3947438076724864,0.0002590408096423572,0.0034387553600268884,0.006239879792730926,0.012594400005527046,1.7455107007546931e-06,3.192440213002154e-05,9.424480590246354,0.5154012822790974,0.34546500532919244,0.3,1.1515500177639748,0.08566033177481343,1.6,128,7,10.0,1.0803601741790771,12.02
1e+51,5.6659843823875594e+50,7.805479712596392e+50,4.030426467708067e-05,0.0007043191491086331,0.054712584882711475,0.12146455547503958,3.1526521396438885e-05,0.0005734832774955309,1.5748008869845483e-05,0.0002879635907628889,0.0006718678343559505,0.012285583256794524,0.004265484394736054,8.75866686680653,0.031558982694514404,0.0377693493802218,0.05376738327797866,0.0688633806632692,1.0918138593807891e-12,1.0918138593807926e-12,0.35957355536587854,0.40353664043967,0.0003575198211506301,0.003537234371535161,0.010404755532395676,0.016759275759917543,1.5688242569008625e-06,3.1747715686167705e-05,9.424480590246354,0.5154012822790974,0.5869540373827327,0.3,1.9565134579424424,0.1935142627009174,1.6,128,7,10.0,1.0694265365600586,12.02
2e+51,1.0081997412312956e+51,1.5546233428334318e+51,4.6104832210164765e-05,0.0007101197166417172,0.05407582775199685,0.1208281108983883,3.17274380694471e-05,0.000573684194168539,1.5748011814995667e-05,0.0002879635937080391,0.0006718678343559505,0.012285583256794524,0.004201835698939032,8.75860137739187,0.026652664041144778,0.03286527614616719,0.053443529848142726,0.0685421189655956,1.7033393900650758e-11,1.7033393900655514e-11,0.35752852406942515,0.40148829663855934,0.0008742004324926009,0.004053914982877132,0.017857956327296757,0.024212479750306572,1.3000496488832141e-06,3.147894107815006e-05,9.424480590246354,0.5154012822790974,0.49870702995997956,0.3,1.6623567665332653,0.3341462732353065,1.6,128,7,10.0,1.2558281421661377,12.02
4e+51,3.4501458867135484e+51,2.5288841240779675e+51,0.008201561867861805,0.008865576752293354,0.05294267618968501,0.11969488592820811,0.005123055727775513,0.005665012483874607,1.5790692931468745e-05,0.0002880062748245121,0.0006718286638584972,0.01228554408629707,0.0036425649922949507,8.758041120059913,0.02036358597108086,0.02657770213485098,0.03448020351162909,0.04958067826148759,3.85943023895321e-08,3.8594302389532114e-08,0.3101249800267358,0.35408241265932267,0.02870289576598786,0.03188261032373529,0.05111622927922148,0.05747075551484975,1.5865818075656667e-05,4.604470950492352e-05,9.424480590246354,0.5154012822790974,0.5905877546289094,0.3,1.9686258487630315,1.4824804981786601,1.6,128,7,10.0,1.175459861755371,12.02
5e+50,3.993927082624265e+50,3.5027911967681558e+50,2.1486052231226896e-05,0.0006875234669906279,0.03773147453295937,0.11900279976981964,1.753575778060961e-05,0.0005611432659957947,8.807894398840276e-06,0.00028185262076288887,0.0003757770892748289,0.012024866856794521,0.004170589535928569,8.768406328884616,0.006978808103661378,0.013208019463554347,0.04926252928817136,0.064690044137011,1.1389286638193693e-21,1.1389286872586244e-21,0.18918299149611714,0.2355092541575082,0.0001029948210034492,0.003292394499331399,0.0004110456296521801,0.006784921153147892,9.764780038293467e-07,3.124729165443131e-05,9.224480590246355,0.2882650184451986,0.14166564738967005,0.3,0.4722188246322335,0.008343981431559951,1.8,128,4,10.0,0.8445758819580078,12.02
1e+51,7.38664950938127e+50,7.441730240026773e+50,2.148606736514036e-05,0.0006875234821245415,0.03773052542038614,0.11900203096701546,1.753575778060961e-05,0.0005611432659957947,8.807894398840276e-06,0.00028185262076288887,0.0003757770892748289,0.012024866856794521,0.004020935337362179,8.76825570899824,0.006999312178224619,0.013229026502921773,0.04997625041264021,0.0654059431036942,1.1709922274230155e-18,1.170992343315234e-18,0.18859907466812906,0.23492344851694716,0.0001029950804419658,0.0032923947587699155,0.0004113481205492855,0.0067852239034835145,9.764780758956013e-07,3.124729172649756e-05,9.224480590246355,0.2882650184451986,0.1400527674732141,0.3,0.466842558244047,0.008230872007261384,1.8,128,4,10.0,0.9636373519897461,12.02
2e+51,1.8320360840061598e+51,1.1639399220226438e+51,2.155203393196136e-05,0.000687589449412025,0.03766520096389374,0.11893618857035115,1.7535636709301863e-05,0.000561143144924487,8.807894398840276e-06,0.00028185262076288887,0.0003757770892748289,0.012024866856794521,0.0036108938417852353,8.767829575108008,0.012949044794194847,0.01918673913057112,0.041171753217042306,0.056664032567575996,2.6424207329816196e-14,2.642420742322906e-14,0.19144132451024598,0.23771171075318392,0.00010471488395526078,0.0032941145983163378,0.0008974338260159261,0.007271333340367798,9.768415780838607e-07,3.1247655228685824e-05,9.224480590246355,0.2882650184451986,0.31451283422234305,0.3,1.048376114074477,0.021797318692866583,1.8,128,4,10.0,0.8321847915649414,12.02
4e+51,4.309763720410885e+51,2.009707292135616e+51,2.775764037931417e-05,0.0006937951207190069,0.03597266487109101,0.11723731403425662,1.766074949260745e-05,0.0005612682584284551,8.807894398840276e-06,0.00028185262076288887,0.0003757770892748289,0.012024866856794521,0.0020861115807431327,8.766120836525445,0.02169325337904006,0.028046031643424202,0.014032421822784462,0.03023237449769998,3.2310008407877452e-12,3.2310008705657493e-12,0.20221066778071836,0.24784716230370452,0.0004382020897322141,0.003627603396757518,0.011400847024631275,0.01777618137090583,8.46803498673121e-07,3.1117617149275084e-05,9.224480590246355,0.2882650184451986,1.5459379466356047,0.3,5.153126488785349,0.812464674210385,1.8,128,4,10.0,0.8247873783111572,12.02
5e+50,2.208187543467281e+50,2.6607600005144224e+50,6.418616001735409e-05,0.007765485436841939,0.06113278754008875,0.1349349971781957,5.199281283993161e-05,0.009800247775756148,2.606362588647146e-05,0.0022669540119770845,0.0011119741812587011,0.017581187042586495,0.009852165645868162,8.766231358005651,0.07952078096864056,0.08573940289695445,0.0724236410209502,0.08808189255358986,6.180476325714957e-20,0.05577691017371885,0.6028647325759333,0.6463271295053178,0.0006697853649038392,0.031756468980586525,0.025293458533949233,0.06815516358185796,2.7612913907288236e-06,0.011567593186796786,9.925984729009553,0.8530143126492583,1.0979947962798136,0.75,1.463993061706418,0.34924312251344175,1.4,128,11,10.0,11.707794666290283,12.75
1e+51,3.6617697661402032e+50,6.494143576190611e+50,6.418616156828921e-05,0.0014242161915152412,0.061132747319145614,0.13495446332322836,5.199281283993161e-05,0.047354478995363415,2.606362588647146e-05,0.010282654039439518,0.0011119741812587011,0.030108096549093563,0.009851862438117262,8.785458895810335,0.07952084447943346,0.08573736876145914,0.07242505525354129,0.08808335228353747,1.2736147053267164e-19,0.0386450720875902,0.602863584883949,0.6463196797308464,0.0006697856750908622,0.0038593571550085567,0.025293476385212395,0.03165681624539067,2.7612913907288236e-06,0.022100340911383604,9.925984729009553,0.8530143126492583,1.0979742328266324,0.75,1.4639656437688433,0.34923654937737375,1.4,128,11,10.0,18.880338668823242,12.75
2e+51,6.2293626017877374e+50,1.26546903112566e+51,6.474411900566065e-05,0.0009913755597881714,0.06112626894801789,0.13501984977642661,5.206087097460011e-05,0.0006797005279830917,2.606362588647146e-05,0.013546301533519182,0.0011119741812587011,0.031677406366763326,0.009836604338453896,8.84290020385145,0.07938015186585587,0.08559700717630397,0.07222988764542818,0.08788827621537439,1.5171988653613988e-13,0.03669039444311149,0.6026689657911803,0.6461251358630214,0.0006976390506310161,0.003906237987228668,0.025817298438647517,0.03218963698551048,2.68644181976198e-06,0.008773274494892633,9.925984729009553,0.8530143126492583,1.0989931516372817,0.75,1.4653242021830424,0.3574323494089172,1.4,128,11,10.0,21.095420360565186,12.75
4e+51,9.646919340673036e+50,1.7903777611213358e+51,0.004242433638186615,0.005107771572685529,0.06108910525928148,0.13498520563606548,0.0004349112867485843,0.0010485848971311456,2.6063918237740433e-05,0.009274317744821457,0.0011119705365611834,0.023399391239703426,0.009754663008371871,8.861597861158902,0.07069970909086284,0.07691684149758214,0.06861088168584856,0.08426952326687338,3.3937359655015238e-09,0.030412266002858627,0.5547708938410776,0.5982267891005313,0.023582311970113658,0.02679259829309655,0.058688675344188035,0.06506091305157634,2.7157939569588095e-06,0.008892731279073625,9.925984729009553,0.8530143126492583,1.0304445498103127,0.75,1.3739260664137503,0.8553843632692008,1.4,128,11,10.0,21.2037250995636,12.75
5e+50,3.016892993196357e+50,3.5607259478413398e+50,5.7650924930030385e-05,0.0007259188404317097,0.038857756604076206,0.1542145889754952,4.6487720799819304e-05,0.0005919157227646237,2.3216874591499435e-05,0.000297176003737335,0.0009905170800790415,0.012678618625011732,0.0048267775942831236,8.755941165244993,0.07756621363006577,0.08381651568450518,0.07220387956777947,0.08855798095101931,3.7373137310065296e-13,3.7373137310065296e-13,0.5435377355571297,0.5978028829971217,0.0004727712655113658,0.0036728519629416773,0.021257233927705618,0.027652455061812124,2.320934761392552e-06,3.269312270542129e-05,9.725984729009552,0.7598425569538713,1.074266564267541,0.75,1.432355419023388,0.294405703058531,1.6,128,10,10.0,1.242856502532959,12.75
1e+51,5.356557508791524e+50,7.652009013421344e+50,0.00013124153827966746,0.0007995094537813466,0.038779774297546594,0.154136645724873,4.6677835687096835e-05,0.0005921058376519012,2.3216889788350574e-05,0.0002971760189341862,0.0009905170040947857,0.012678618549027477,0.00482533769119168,8.755939664554495,0.0698320149853637,0.07608232191039394,0.07209530756381484,0.08844943326201653,5.995324040542826e-11,5.995324040542828e-11,0.5349554278527193,0.5892205623761476,0.002518526930261238,0.005718607627691552,0.0356424206471693,0.04203764178127579,2.0890226690177057e-06,3.2461210613046446e-05,9.725984729009552,0.7598425569538713,0.9686069363606252,0.75,1.2914759151475004,0.49437920235821964,1.6,128,10,10.0,1.1939818859100342,12.75
2e+51,1.0719900153565935e+51,1.5424418303070113e+51,0.007376835476315808,0.008045103391817486,0.03875796565436275,0.15411491040649591,0.006010412958618218,0.006555840960583023,2.338228699725039e-05,0.000297341416143086,0.00099041366550704,0.012678515210439731,0.004773131776494817,8.755886448049198,0.06093179166792311,0.06718242610029224,0.0707520727499252,0.08710949540498149,1.0019370876008917e-07,1.0019370876008917e-07,0.481310402745706,0.5355728520128924,0.02815093475681278,0.03135101545424309,0.06074498658111893,0.06714020784439864,2.0134910828390094e-05,5.0507098772418856e-05,9.725984729009552,0.7598425569538713,0.8612015068913657,0.75,1.1482686758551541,0.8585612296592844,1.6,128,10,10.0,1.471839427947998,12.75
4e+51,2.0582118505660714e+51,3.05140281922398e+51,0.03405780528700206,0.034726073202503725,0.03841723975925315,0.15377353879718142,0.015021086457487997,0.0155665144594528,9.03282580288544e-05,0.00036428738717469007,0.0009820101867484088,0.012670111731681099,0.004222574282778738,8.755310792955827,0.05823960169723024,0.06449662587361356,0.06267163442237896,0.07913996012578822,1.6917109975106845e-05,1.6917109975106845e-05,0.42985319853983983,0.4840240763249995,0.0563548411016568,0.05955492181428394,0.059668877758062254,0.06606411410421673,0.0002464470805271305,0.00027681926847115924,9.725984729009552,0.7598425569538713,0.9292816795668869,0.75,1.2390422394225158,0.9520874684058906,1.6,128,10,10.0,4.103580951690674,12.75
5e+50,3.9719981370032034e+50,3.776525545457269e+50,4.4492674533708715e-05,0.0007101123436243996,0.05379424045841883,0.1281772532296955,3.623157312776132e-05,0.0005794981249987489,1.8191564656073593e-05,0.0002910650344971776,0.0007761188890632331,0.01241790222501173,0.005034865089213109,8.773124732461444,0.045360177816671614,0.05158546835959954,0.06428650163480858,0.08015734782616657,1.5856137972092226e-18,1.5856137972092246e-18,0.4181833692918811,0.4615139907109077,0.0002393895218860018,0.0034267887752049623,0.007598438974625371,0.01396831672966106,2.016827197848809e-06,3.226865467588654e-05,9.525984729009553,0.595374045563097,0.7055941241654202,0.75,0.9407921655538937,0.1181964919757139,1.8,128,8,10.0,0.9216189384460449,12.75
1e+51,7.121882705613074e+50,7.979272425671971e+50,4.449755957775257e-05,0.0007101172286684435,0.05379298563319605,0.12817612536798795,3.6231570895108645e-05,0.0005794981227660962,1.8191564656073593e-05,0.0002910650344971776,0.0007761188890632331,0.01241790222501173,0.005033424281749251,8.773123150252644,0.045595252923325565,0.05182055276897296,0.06377378783329636,0.07964463551308945,9.967486202567225e-16,9.967486202567438e-16,0.4184029953351137,0.46173362055039413,0.000239957560820698,0.003427356814139659,0.007658574305893464,0.014028452060929153,2.016843868322085e-06,3.226867134635981e-05,9.525984729009553,0.595374045563097,0.7149528744083825,0.75,0.9532704992111767,0.12008968835147212,1.8,128,8,10.0,0.9254069328308105,12.75
2e+51,1.289616430806405e+51,1.637307070024154e+51,4.4982755935096424e-05,0.0007106024250257873,0.05377782696346548,0.12816136507791562,3.6231161575452324e-05,0.0005794977134464398,1.8191564656073593e-05,0.0002910650344971776,0.0007761188890632331,0.01241790222501173,0.004985993785462212,8.773074923443572,0.04861108353562164,0.05483688179865127,0.053806707590932916,0.06967806580397007,1.6641799744080968e-13,1.6641799744087509e-13,0.42299532372945786,0.4663253346831953,0.00028708811448502965,0.0034744873678039905,0.010032478270874655,0.016402356226849085,2.0181906044131486e-06,3.2270018082450875e-05,9.525984729009553,0.595374045563097,0.9034391010352991,0.75,1.2045854680470656,0.18645404485899542,1.8,128,8,10.0,1.124852180480957,12.75
4e+51,2.942890391953991e+51,2.7067299179979323e+51,7.223879591923843e-05,0.0007378584650099294,0.053198440125039104,0.12758226982392806,3.664942598259398e-05,0.0005799159778535815,1.8191570609814047e-05,0.000291065040450918,0.0007761188146414774,0.01241790215058997,0.004818359775050201,8.772901134753964,0.03853157270965054,0.0447638882123434,0.04401063553869989,0.059896715863448684,4.6987544831401284e-11,4.698754483143529e-11,0.42505657565477734,0.4683712030191216,0.001689782213900964,0.004877181489546452,0.027163972041300638,0.03353386390670119,1.5137136961749076e-06,3.176554117421263e-05,9.525984729009553,0.595374045563097,0.8755059370994213,0.75,1.167341249465895,0.6172138099985975,1.8,128,8,10.0,1.0355801582336426,12.75
5e+50,3.7194519482758285e+50,2.7214670906246363e+50,0.00010730333322786038,0.03329153042904508,0.12510804335772868,0.19463365182601167,8.756655726616986e-05,0.012324899022268973,4.398242585978276e-05,0.00038896960091009146,0.0018764516489901716,0.018941447840249103,0.020904295299335966,9.484066751116773,0.04194857237513492,0.04866356112338708,0.29004516229423066,0.3108022032269741,3.7428418458327e-19,9.076914048370998e-06,0.9565902867940832,1.058120514231203,0.000514672840222366,0.1334400325352987,0.0022268824476990314,0.22094184898655533,4.8760669186222595e-06,3.9991688405640086e-05,11.515664677727502,1.4394580847159377,0.1446277263972464,0.15,0.9641848426483093,0.007677709326660011,1.4,128,16,10.0,1.4801759719848633,15.28
1e+51,5.697684382156244e+50,6.669834543814067e+50,0.00010730333322786038,0.0329218694959383,0.12510804335772868,0.1946550404151555,8.756655726616986e-05,0.013156488352390222,4.398242585978276e-05,0.0003893709054502745,0.0018764516489901716,0.01893839861819502,0.020904295298418123,9.484066751161095,0.04194857237513492,0.04873043050725405,0.29004516319389195,0.31080818867533266,3.742842025764999e-19,1.1792775873155066e-05,0.9565902867940832,1.057011957486285,0.000514672840222366,0.13505796542929338,0.0022268824476990314,0.2198714139750824,4.8760669186222595e-06,4.481567860967349e-05,11.515664677727502,1.4394580847159377,0.1446277259486405,0.15,0.9641848396576035,0.0076777093028453135,1.4,128,16,10.0,1.4799017906188965,15.28
2e+51,9.419984154574525e+50,1.4703502833017539e+51,0.00010730333322786038,0.04425288948717148,0.12510801096992177,0.19463761807984734,8.756655726616986e-05,0.02322578464693385,4.398242585978276e-05,0.00048364731367720495,0.0018764516489901716,0.01836167361885672,0.020904259792463454,9.484066677666833,0.0419485844485896,0.04866801327028301,0.2900453566210721,0.3108011674196797,3.745014618429305e-19,0.0005375537558841856,0.9565901428482748,1.0468077034711087,0.000514672840222366,0.1446079421329849,0.002226882807563553,0.1990447050023647,4.8760669186222595e-06,0.00016909982042304696,11.515664677727502,1.4394580847159377,0.14462767112453057,0.15,0.9641844741635371,0.007677705423406758,1.4,128,16,10.0,4.036348342895508,15.28
4e+51,1.6220050773570387e+51,2.882870817393534e+51,0.00010730337641160291,0.037470899583384135,0.12510318608635407,0.19463293571614235,8.756655726616986e-05,0.01944534757464132,4.398242585978276e-05,0.0035395418570973863,0.0018764516489901716,0.016045961169142756,0.02090219321215856,9.503340073464257,0.041960502414812174,0.04872336236398962,0.290042912241312,0.31079944079897387,4.79448824745635e-18,0.005571599363834916,0.9565870929964577,1.0465424965337011,0.0005146734519920519,0.11706826110054225,0.0022273291565257838,0.1556247854562835,4.87606700858839e-06,0.056859717974350354,11.515664677727502,1.4394580847159377,0.14466998035070608,0.15,0.9644665356713739,0.007679309035046077,1.4,128,16,10.0,11.232234001159668,15.28
5e+50,4.526318098355606e+50,3.3959868830548267e+50,0.00010543971796562234,0.021284004760387547,0.12281611010710039,0.203130518630529,8.604572866752463e-05,0.007244088879458633,4.321855460978276e-05,0.000337717624064084,0.0018438620989901715,0.014758415962696097,0.01901881863731459,9.479854962398033,0.04121513590144103,0.04793213196453887,0.2849386348279692,0.3058462071497611,3.61246760196851e-19,1.864251424238968e-09,0.94169211630322,1.0326566796969103,0.0005057341132494615,0.07871614159965919,0.002188184072570724,0.12386597815660785,4.79138110924726e-06,3.7612980963082e-05,11.3156646777275,1.4144580847159376,0.14464565651591801,0.15,0.9643043767727868,0.0076794923717235924,1.6,128,16,10.0,1.0835070610046387,15.28
1e+51,7.319983481215642e+50,7.798807953218026e+50,0.00010543971796562234,0.0212823100627948,0.12281611010710039,0.20313055533599558,8.604572866752463e-05,0.00724408534331342,4.321855460978276e-05,0.000337717624064084,0.0018438620989901715,0.014758415962696097,0.019018817751573974,9.479854952672007,0.04121513687388097,0.04793213766586492,0.28493863659604185,0.30584676216161,3.6124680439870836e-19,1.8642551371914404e-09,0.94169211630322,1.0326561315944025,0.0005057341132494615,0.07871837821150565,0.002188184072570724,0.12386537701192184,4.79138110924726e-06,3.7625161613080354e-05,11.3156646777275,1.4144580847159376,0.14464565903118207,0.15,0.9643043935412138,0.0076794923240715764,1.6,128,16,10.0,1.111495018005371,15.28
2e+51,1.2128661558053698e+51,1.6714116061652404e+51,0.00010543971796562234,0.021098281109646528,0.12281606148510373,0.20313801470130952,8.604572866752463e-05,0.007244977335943093,4.321855460978276e-05,0.0003377176247801534,0.0018438620989901715,0.014758415962696097,0.019018715354505968,9.479854797243963,0.041215166418374215,0.04793643599557458,0.28493913696058937,0.30585107045152893,3.6190273318068343e-19,1.8667025032931766e-09,0.9416917273272468,1.032635870454779,0.0005057341132494615,0.079057706706029,0.0021881849654473897,0.12371254570874496,4.79138110924726e-06,3.8598555456854895e-05,11.3156646777275,1.4144580847159376,0.1446455087146375,0.15,0.9643033914309167,0.00767948197214496,1.6,128,16,10.0,1.1356096267700195,15.28
4e+51,2.158652008469891e+51,3.3228732466330966e+51,0.0001054399133376453,0.020922851372989056,0.12280572444861335,0.20323930467913587,8.604572866752463e-05,0.007476431300599285,4.321855460978276e-05,0.0003377182383190284,0.0018438620989901715,0.014758414901852533,0.019014373361717834,9.479850334769202,0.041260714178792825,0.048066871142432445,0.284898725893109,0.3058939850498196,2.6116090988896015e-17,2.8806462870439793e-09,0.941699595250343,1.0302193992123962,0.0005057367211565553,0.08263940891641683,0.002189851656770063,0.12221787487297268,4.791381728072671e-06,4.182229694070682e-05,11.3156646777275,1.4144580847159376,0.14482589927156575,0.15,0.9655059951437717,0.0076864213762460705,1.6,128,16,10.0,1.3101320266723633,15.28
5e+50,4.887220865300109e+50,3.5002707944398518e+50,0.00010357611517364254,0.007438056765281406,0.12049084729766828,0.20577668473269536,8.452490366752462e-05,0.0027346320178747545,4.245468335978276e-05,0.00033700775754367987,0.0018112725489901715,0.014492506171072925,0.018228906706369945,9.47662126621456,0.04049318319319279,0.04721252610847332,0.2799821200256678,0.3015716086758866,6.395254558147792e-19,5.892552797867074e-10,0.925570152275689,0.9852303659761694,0.0004967954929859137,0.02796801437159667,0.0021495559455443126,0.046244358885068136,4.706695299872259e-06,3.741656282004383e-05,11.115664677727501,1.3894580847159377,0.1446277469056971,0.15,0.9641849793713141,0.007677475780765031,1.8,128,16,10.0,0.9595479965209961,15.28
1e+51,8.211602018921998e+50,8.033817796557432e+50,0.00010357720676665034,0.007438056120051808,0.12048801540840937,0.20577385372007997,8.452490366752462e-05,0.0027346320178747545,4.245468335978276e-05,0.00033700775754367987,0.0018112725489901715,0.014492506171072925,0.018228905839784076,9.476621265347973,0.040688060994240265,0.04740740390952253,0.279647056550595,0.3012365465837041,2.1135720674839417e-16,5.892554905043887e-10,0.9257061281175044,0.9853663418179849,0.0004968090402022396,0.027968027918812997,0.002156577745657685,0.04625138068518152,4.706699468246514e-06,3.741656577264225e-05,11.115664677727501,1.3894580847159377,0.14549790545311458,0.15,0.9699860363540973,0.00771178417630692,1.8,128,16,10.0,0.9601407051086426,15.28
2e+51,1.3904459148276759e+51,1.7421512701489175e+51,0.00010370642550011763,0.007437810185102404,0.12045538832734631,0.20574128801232816,8.452461188132684e-05,0.0027346317260885564,4.245468335978276e-05,0.00033700775754367987,0.0018112725489901715,0.014492506171072925,0.018228620670553256,9.47662091939035,0.048271638541833695,0.054990982496054594,0.2651463584820192,0.2867361741636205,6.173026628549997e-14,5.893172699368584e-10,0.9317613169777923,0.9914212633812737,0.0005009884780163871,0.027972372354774698,0.0030471146141480155,0.047142073867706386,4.7074565492204235e-06,3.741808822791802e-05,11.115664677727501,1.3894580847159377,0.18205657742460463,0.15,1.213710516164031,0.011492198616616697,1.8,128,16,10.0,1.0917890071868896,15.28
4e+51,2.4038267621407618e+51,3.297910513620214e+51,0.00010747341657639791,0.0073804609939111514,0.11973458019883179,0.20502324138783448,8.472990257652099e-05,0.0027347935962186033,4.245468335978276e-05,0.00033700775764788915,0.0018112725489901715,0.014492506171072925,0.018220037125814624,9.476612170924733,0.04833918802792694,0.05505936527994837,0.2552844423446497,0.27687739392711525,3.1970716215837376e-12,5.930059629743948e-10,0.9369958918932468,0.9966488053809502,0.0006912233875055522,0.028270819996724147,0.00814232292375005,0.052190118768129456,4.486436259307171e-06,3.777850293021374e-05,11.115664677727501,1.3894580847159377,0.18935422614851735,0.15,1.2623615076567825,0.031895100418056085,1.8,128,16,10.0,1.1912860870361328,15.28
5e+50,3.569499210311446e+50,1.627728735700553e+50,0.018309096129555672,0.04546218594680491,0.11393734954130255,0.18212353467964693,0.003760056584726104,0.04153268434498024,5.971679438224483e-05,0.0016201114879463186,0.002549064702830359,0.01720696857347546,0.02118596303538325,9.016219677977913,0.055786721007058705,0.06218566655647201,0.04380090681149599,0.06741024659490406,4.934650917459165e-12,0.012956772374113438,1.3121714060657355,1.3660268762224481,0.1244641770007479,0.2071634939340305,0.2593758625481434,0.35681856543124085,6.3686860152928696e-06,0.00018498471517414288,11.37691168728004,1.9554066962512568,1.2736430605682556,1.25,1.0189144484546044,5.921700746160524,1.4,128,22,10.0,11.511396646499634,15.90
1e+51,4.886304741878054e+50,4.944478226496053e+50,0.018309096129555672,0.040911317039827776,0.11393731554389067,0.18214222984217035,0.003760056584726104,0.05636273055982882,5.971679438224483e-05,0.014845772550093835,0.002549064702830359,0.041703599984346924,0.021185963035387285,9.034609359556702,0.055786724562343605,0.06217541964862755,0.04380095418566731,0.06741033223900406,4.934651006341288e-12,0.034817101482405036,1.3121713882893111,1.3660212980907194,0.12446417788956912,0.16965390358863025,0.2593758714363556,0.3038520955766157,6.368686104174991e-06,0.002406612381346961,11.37691168728004,1.9554066962512568,1.2736417641923956,1.25,1.0189134113539164,5.921694544298978,1.4,128,22,10.0,17.882965564727783,15.90
2e+51,7.275447144052793e+50,9.916216067725288e+50,0.018309628533469787,0.024567157841014913,0.11393488001374479,0.18222534863818152,0.003760057295783084,0.005510724723115703,5.971679438224483e-05,0.024182828858838875,0.002549064702830359,0.037106757928280214,0.02118596214657915,9.090256671839375,0.05578630948283127,0.0621753201323812,0.04379266690544223,0.06740233141784717,4.935511918580375e-12,0.0477249472908852,1.312176010159684,1.3660256647794449,0.12446612351923188,0.15899616749220397,0.25937989779650744,0.3015775351108153,6.369222863313112e-06,0.009160293488284696,11.37691168728004,1.9554066962512568,1.2738733085903602,1.25,1.0190986468722882,5.922907101240588,1.4,128,22,10.0,21.175899505615234,15.90
4e+51,9.510815183648992e+50,1.4429575661000575e+51,0.018352726585876392,0.025572152240442743,0.11389650804599984,0.18219859482609907,0.003760091959810881,0.005520842495101994,5.971679438224483e-05,0.014753464026156494,0.002549064702830359,0.027424695883797173,0.021185961257612202,9.11103232491713,0.055705665488685704,0.06216830900753954,0.043473252625947124,0.06708481467084966,5.212486388892109e-12,0.04589459225894433,1.3123622093182283,1.3658618353143086,0.1245801503942601,0.15769838495697844,0.2594749038973085,0.30237682104666197,6.4391135427432605e-06,0.009324921091585303,11.37691168728004,1.9554066962512568,1.2813779076525236,1.25,1.025102326122019,5.968610311491628,1.4,128,22,10.0,21.17954969406128,15.90
5e+50,4.830232783951206e+50,3.1316073289319054e+50,0.019069106454409547,0.01975246107984544,0.11183492593862175,0.19910562016747202,0.003917592752879345,0.004475334250471815,6.133322254989646e-05,0.0003414772093245003,0.0026180837230114916,0.014570053985264836,0.020813109575829422,9.008852610189573,0.05704869661509884,0.06343986248619544,0.04285522257890688,0.0663935196934442,5.060684431396466e-12,5.060684431396466e-12,1.3489323553692332,1.3889369566573158,0.12970805366923277,0.1329803788783752,0.27148635863083564,0.27802595718108924,6.475197176379419e-06,3.753306279391256e-05,11.17691168728004,2.008351318808132,1.3311959005710057,1.25,1.0649567204568045,6.33496554897045,1.6,128,23,10.0,1.1406736373901367,15.90
1e+51,7.496437226034286e+50,7.0695668099266484e+50,0.019077413170103384,0.019760767795539272,0.11183353685186644,0.19910423108071668,0.003917677452913225,0.004475418950505695,6.133322254989646e-05,0.0003414772093245003,0.0026180837230114916,0.014570053985264836,0.020813109575996407,9.00885261018974,0.057013290254544484,0.06340445612564108,0.04265854298087798,0.06619684009541531,5.12700665359558e-12,5.127006653595579e-12,1.3490410333714675,1.3890456346595506,0.12974265843565205,0.13301498364479447,0.2715682033130582,0.2781078018633118,6.417024057955426e-06,3.7474889675488575e-05,11.17691168728004,2.008351318808132,1.3365034591101983,1.25,1.0692027672881586,6.366091861946404,1.6,128,23,10.0,1.1418204307556152,15.90
2e+51,1.147513925381597e+51,1.3520407802436918e+51,0.02587417874036847,0.026557533365804374,0.11184935557252489,0.1991200506745714,0.005938843450249315,0.006496584947841783,6.133658173577622e-05,0.0003414805685103801,0.002618072895378295,0.01457004315763164,0.020813111659310827,9.008852603541094,0.05460830966871277,0.06099947554854134,0.04253980085250875,0.06607809796704608,1.083563540582086e-08,1.083563540582086e-08,1.3001554832295288,1.3401600853908078,0.15143425677831063,0.15470658198745296,0.2924487263560274,0.29898832490628097,9.817260918097648e-06,4.08751265356308e-05,11.17691168728004,2.008351318808132,1.2836992316453757,1.25,1.0269593853163006,6.874708402373269,1.6,128,23,10.0,1.127748966217041,15.90
4e+51,2.031628571169104e+51,2.770568487184514e+51,0.03018761790492731,0.03087097253036322,0.11188760693893332,0.199158314265727,0.010995539907163983,0.011553281404756458,6.400100816546921e-05,0.00034414499494007304,0.002617064790335876,0.014569035052589224,0.020813041303973195,9.008852533185754,0.05260568585089566,0.058996851774384025,0.04252344097606011,0.06606173809059745,9.901007994074384e-07,9.901007994074382e-07,1.2784929055084155,1.3184975076696948,0.1611689224845659,0.16444124769370824,0.29694827158726617,0.3034878701375197,4.6217846781450373e-05,7.727571239898351e-05,11.17691168728004,2.008351318808132,1.2370985189206973,1.25,0.9896788151365579,6.983166572866067,1.6,128,23,10.0,2.101813554763794,15.90
5e+50,5.473814383887419e+50,3.2750492693547094e+50,0.016583757974262037,0.017267667995996397,0.10979022607427487,0.20938381939257786,0.0034092918845501563,0.003967486686403315,5.4998654000105974e-05,0.0003353703277288987,0.0023476490824688476,0.014309333305521064,0.020440640646235998,9.001373600984953,0.051419887526420696,0.05781625169397663,0.041809364200036,0.06613332063097109,4.485219370595732e-12,4.485219370595732e-12,1.2082399893590916,1.2496701474225334,0.11275993048179193,0.11603491527241779,0.23403798170295873,0.24058289531868757,5.866023186491548e-06,3.694913107642713e-05,10.976911687280039,1.8008995736943814,1.2298653306566287,1.25,0.983892264525303,5.59774074973274,1.8,128,21,10.0,0.9767494201660156,15.90
1e+51,8.664367014838976e+50,7.753460266689417e+50,0.01658383258295866,0.017267742604693024,0.10979000687906962,0.2093836001973726,0.0034092919703072786,0.003967486772160438,5.4998654000105974e-05,0.0003353703277288987,0.0023476490824688476,0.014309333305521064,0.020440640646618227,9.001373600985335,0.051420548713835605,0.05781691288139155,0.041805254204180346,0.06612921063511544,4.4852890053792484e-12,4.4852890053792484e-12,1.2082421332871556,1.2496722913505973,0.11276023491957703,0.11603521971020288,0.23403913084840097,0.24058404446412984,5.866078328321352e-06,3.6949186218256935e-05,10.976911687280039,1.8008995736943814,1.23000205817894,1.25,0.9840016465431519,5.598318567932498,1.8,128,21,10.0,0.9759504795074463,15.90
2e+51,1.563178993432328e+51,1.6356547808973183e+51,0.016593704085336183,0.017277614107070544,0.10978736170062436,0.20938095587649858,0.0034093027757047204,0.0039674975775578795,5.4998654000105974e-05,0.0003353703277288987,0.0023476490824688476,0.014309333305521064,0.02044063898373811,9.001373599322456,0.051455151884301546,0.057851516060433206,0.04150014819960447,0.06582410463053957,4.508858321428535e-12,4.508858321428535e-12,1.2084054405756406,1.2498355986390823,0.11279211941774367,0.11606710420836952,0.2341071962765744,0.24065210989230323,5.8786353149917425e-06,3.696174320492733e-05,10.976911687280039,1.8008995736943814,1.2398787502352089,1.25,0.9919030001881671,5.641117114825282,1.8,128,21,10.0,0.9813296794891357,15.90
4e+51,3.0687601972558044e+51,3.121192072880109e+51,0.01669187626652562,0.01737578628825998,0.10975819681808535,0.20935179871210055,0.0034094190623629073,0.003967613864216067,5.4998654000105974e-05,0.0003353703277288987,0.0023476490824688476,0.014309333305521064,0.02044060891648383,9.001373552103777,0.05132421765231034,0.05772058266028609,0.04016733747233411,0.0644912939032692,5.1186976301256435e-12,5.1186976301256435e-12,1.2092083930898527,1.250638552954194,0.11304826650953757,0.11632325130016341,0.2344426095343188,0.2409875231500477,6.000294228121441e-06,3.708340211805703e-05,10.976911687280039,1.8008995736943814,1.2777600130369784,1.25,1.0222080104295828,5.836647990317877,1.8,128,21,10.0,1.0718934535980225,15.90
